BENCH_START=2026-09-19T23:21:17Z
[INFO] Training with: device=cuda:0, seed=42, rank=0
[INFO] Logging experiment in directory: logs/rsl_rl/go2_velocity/2026-09-19_23-22-38_benchmark4096-seed42
Setting seed: 42
Warp 1.12.0 initialized:
   CUDA Toolkit 12.9, Driver 13.0
   Devices:
     "cpu"      : "x86_64"
     "cuda:0"   : "NVIDIA A40" (44 GiB, sm_86, mempool enabled)
   Kernel cache:
     /root/.cache/warp/1.12.0
Warp DeprecationWarning: The symbol `warp.context.runtime` will soon be removed from the public API. It can still be accessed from `warp._src.context.runtime` but might be changed or removed without notice.
Module mujoco_warp._src.smooth 12773d5 load on device 'cuda:0' took 4.35 ms  (cached)
Module mujoco_warp._src.collision_driver 4d8b905 load on device 'cuda:0' took 0.70 ms  (cached)
Module _nxn_broadphase__locals__kernel_551438e6 551438e load on device 'cuda:0' took 0.90 ms  (cached)
Module _primitive_narrowphase__locals__primitive_narrowphase_8e09ca21 8e09ca2 load on device 'cuda:0' took 1.13 ms  (cached)
Module mujoco_warp._src.constraint abf7b17 load on device 'cuda:0' took 3.11 ms  (cached)
Module _actuator_velocity__locals__actuator_velocity_9d476fc0 fac4890 load on device 'cuda:0' took 0.73 ms  (cached)
Module mujoco_warp._src.passive f6d4bb4 load on device 'cuda:0' took 1.39 ms  (cached)
Module mujoco_warp._src.sensor a122b42 load on device 'cuda:0' took 3.39 ms  (cached)
Module mujoco_warp._src.forward 6f039ed load on device 'cuda:0' took 1.51 ms  (cached)
Module mujoco_warp._src.support 343d1ae load on device 'cuda:0' took 0.73 ms  (cached)
Module _tile_cholesky_factorize_solve__locals__cholesky_factorize_solve_886404d2 159512a load on device 'cuda:0' took 39.98 ms  (cached)
Module mujoco_warp._src.solver f11a68d load on device 'cuda:0' took 2.10 ms  (cached)
Module solve_init_jaref__locals__kernel_6e624303 6e62430 load on device 'cuda:0' took 0.78 ms  (cached)
Module mul_m_dense__locals___mul_m_dense_c372b8a5 c372b8a load on device 'cuda:0' took 0.74 ms  (cached)
Module update_constraint_gauss_cost__locals__kernel_ef360293 ef36029 load on device 'cuda:0' took 0.82 ms  (cached)
Module update_gradient_JTDAJ_dense_tiled__locals__kernel_def480de c277d2e load on device 'cuda:0' took 44.01 ms  (cached)
Module update_gradient_cholesky__locals__kernel_10e97a41 ebdd544 load on device 'cuda:0' took 59.05 ms  (cached)
Module linesearch_jv_fused__locals__kernel_25c90185 25c9018 load on device 'cuda:0' took 0.92 ms  (cached)
Module linesearch_prepare_gauss__locals__kernel_7bbb5979 7bbb597 load on device 'cuda:0' took 0.87 ms  (cached)
Module _contact_sort__locals__contact_sort_c2bd81ce 47863e6 load on device 'cuda:0' took 0.89 ms  (cached)
Module mujoco_warp._src.derivative ed5cf13 load on device 'cuda:0' took 1.02 ms  (cached)
Module _qderiv_actuator_passive_actuation_dense__locals__kernel_7e415bf2 3a95e7f load on device 'cuda:0' took 48.27 ms  (cached)
Module reset_data__locals__reset_xfrc_applied_f86f0829 f86f082 load on device 'cuda:0' took 1.08 ms  (cached)
Module reset_data__locals__reset_qM_1511185b 1511185 load on device 'cuda:0' took 0.72 ms  (cached)
Module reset_data__locals__reset_mocap_11135362 1113536 load on device 'cuda:0' took 0.70 ms  (cached)
Module reset_data__locals__reset_contact_76c1c25e 76c1c25 load on device 'cuda:0' took 0.70 ms  (cached)
Module reset_data__locals__reset_nworld_d108b6ac d108b6a load on device 'cuda:0' took 0.92 ms  (cached)

+---------------------------------+
|         Base Environment        |
+------------------------+--------+
| Property               | Value  |
+------------------------+--------+
| Number of environments | 4096   |
| Environment device     | cuda:0 |
| Environment seed       | 42     |
| Physics step-size      | 0.005  |
| Environment step-size  | 0.02   |
+------------------------+--------+

[INFO] <EventManager> contains 3 active terms.
+-------------------------------------+
| Active Event Terms in Mode: 'reset' |
+--------+----------------------------+
| Index  | Name                       |
+--------+----------------------------+
|   0    | reset_base                 |
|   1    | reset_robot_joints         |
+--------+----------------------------+
+----------------------------------------------+
|    Active Event Terms in Mode: 'interval'    |
+-------+------------+-------------------------+
| Index | Name       | Interval time range (s) |
+-------+------------+-------------------------+
|   0   | push_robot |        (5.0, 6.0)       |
+-------+------------+-------------------------+
+---------------------------------------+
| Active Event Terms in Mode: 'startup' |
+-----------+---------------------------+
|   Index   | Name                      |
+-----------+---------------------------+
|     0     | foot_friction             |
|     1     | encoder_bias              |
|     2     | base_com                  |
+-----------+---------------------------+
+-----------------------------+
| Domain Randomization Fields |
+-------+---------------------+
| Index | Field Name          |
+-------+---------------------+
|   0   | geom_friction       |
|   1   | body_ipos           |
|   2   | body_subtreemass    |
|   3   | dof_invweight0      |
|   4   | body_invweight0     |
|   5   | tendon_length0      |
|   6   | tendon_invweight0   |
+-------+---------------------+

Module repeat_array_kernel_39317a34 b712927 load on device 'cuda:0' took 1.16 ms  (cached)
Module repeat_array_kernel_39317a34 b699bd8 load on device 'cuda:0' took 0.83 ms  (cached)
Module repeat_array_kernel_39317a34 363ede1 load on device 'cuda:0' took 0.86 ms  (cached)
[INFO] <CommandManager> contains 1 active terms.
+----------------------------------------+
|          Active Command Terms          |
+-------+-------+------------------------+
| Index | Name  |          Type          |
+-------+-------+------------------------+
|   0   | twist | UniformVelocityCommand |
+-------+-------+------------------------+

[INFO] <ActionManager> contains 1 active terms.
+---------------------------------+
| Active Action Terms (shape: 12) |
+-------+-----------+-------------+
| Index | Name      |   Dimension |
+-------+-----------+-------------+
|   0   | joint_pos |          12 |
+-------+-----------+-------------+

[INFO] <ObservationManager> contains 2 groups.
+-----------------------------------------------------------+
| Active Observation Terms in Group: 'actor' (shape: (47,)) |
+--------+------------------------+-------------------------+
| Index  | Name                   |          Shape          |
+--------+------------------------+-------------------------+
|   0    | base_ang_vel           |      (3,)  ← 1×(3,)     |
|   1    | projected_gravity      |      (3,)  ← 1×(3,)     |
|   2    | command                |      (3,)  ← 1×(3,)     |
|   3    | phase                  |      (2,)  ← 1×(2,)     |
|   4    | joint_pos              |     (12,)  ← 1×(12,)    |
|   5    | joint_vel              |     (12,)  ← 1×(12,)    |
|   6    | actions                |     (12,)  ← 1×(12,)    |
+--------+------------------------+-------------------------+
+------------------------------------------------------------+
| Active Observation Terms in Group: 'critic' (shape: (74,)) |
+--------+--------------------------+------------------------+
| Index  | Name                     |         Shape          |
+--------+--------------------------+------------------------+
|   0    | base_ang_vel             |     (3,)  ← 1×(3,)     |
|   1    | projected_gravity        |     (3,)  ← 1×(3,)     |
|   2    | command                  |     (3,)  ← 1×(3,)     |
|   3    | phase                    |     (2,)  ← 1×(2,)     |
|   4    | joint_pos                |    (12,)  ← 1×(12,)    |
|   5    | joint_vel                |    (12,)  ← 1×(12,)    |
|   6    | actions                  |    (12,)  ← 1×(12,)    |
|   7    | base_lin_vel             |     (3,)  ← 1×(3,)     |
|   8    | foot_height              |     (4,)  ← 1×(4,)     |
|   9    | foot_air_time            |     (4,)  ← 1×(4,)     |
|   10   | foot_contact             |     (4,)  ← 1×(4,)     |
|   11   | foot_contact_forces      |    (12,)  ← 1×(12,)    |
+--------+--------------------------+------------------------+

[INFO] <TerminationManager> contains 3 active terms.
+------------------------------------+
|      Active Termination Terms      |
+-------+-----------------+----------+
| Index | Name            | Time Out |
+-------+-----------------+----------+
|   0   | time_out        |   True   |
|   1   | fell_over       |  False   |
|   2   | illegal_contact |  False   |
+-------+-----------------+----------+

[INFO] <RewardManager> contains 15 active terms.
+-------------------------------------------+
|            Active Reward Terms            |
+-------+------------------------+----------+
| Index | Name                   |   Weight |
+-------+------------------------+----------+
|   0   | track_linear_velocity  |      1.0 |
|   1   | track_angular_velocity |      1.0 |
|   2   | body_orientation_l2    |     -1.0 |
|   3   | pose                   |      1.0 |
|   4   | body_ang_vel           |    -0.05 |
|   5   | angular_momentum       |   -0.025 |
|   6   | is_terminated          |   -200.0 |
|   7   | joint_acc_l2           | -2.5e-07 |
|   8   | joint_pos_limits       |    -10.0 |
|   9   | action_rate_l2         |    -0.05 |
|   10  | foot_gait              |      0.5 |
|   11  | foot_clearance         |     -1.0 |
|   12  | foot_slip              |    -0.25 |
|   13  | soft_landing           |   -0.001 |
|   14  | stand_still            |     -1.0 |
+-------+------------------------+----------+

[INFO] <CurriculumManager> contains 1 active terms.
+-------------------------+
| Active Curriculum Terms |
+--------+----------------+
| Index  | Name           |
+--------+----------------+
|   0    | command_vel    |
+--------+----------------+

[INFO] <MetricsManager> contains 1 active terms.
+-------------------------+
|   Active Metrics Terms  |
+-------+-----------------+
| Index | Name            |
+-------+-----------------+
|   0   | mean_action_acc |
+-------+-----------------+

Module mujoco_warp._src.io b0ffa0e load on device 'cuda:0' took 2.50 ms  (cached)
Module _tile_cholesky_factorize__locals__cholesky_factorize_bd98e5db 78076c6 load on device 'cuda:0' took 42.74 ms  (cached)
Module _tile_cholesky_solve__locals__cholesky_solve_7bd08b0a 54b9810 load on device 'cuda:0' took 38.65 ms  (cached)
--------------------------------------------------------------------------------
Resolved observation sets: 
	 actor :  ('actor',)
	 critic :  ('critic',)
--------------------------------------------------------------------------------
Actor Model: MLPModel(
  (obs_normalizer): EmpiricalNormalization()
  (distribution): GaussianDistribution()
  (mlp): MLP(
    (0): Linear(in_features=47, out_features=512, bias=True)
    (1): ELU(alpha=1.0)
    (2): Linear(in_features=512, out_features=256, bias=True)
    (3): ELU(alpha=1.0)
    (4): Linear(in_features=256, out_features=128, bias=True)
    (5): ELU(alpha=1.0)
    (6): Linear(in_features=128, out_features=12, bias=True)
  )
)
Critic Model: MLPModel(
  (obs_normalizer): EmpiricalNormalization()
  (mlp): MLP(
    (0): Linear(in_features=74, out_features=512, bias=True)
    (1): ELU(alpha=1.0)
    (2): Linear(in_features=512, out_features=256, bias=True)
    (3): ELU(alpha=1.0)
    (4): Linear(in_features=256, out_features=128, bias=True)
    (5): ELU(alpha=1.0)
    (6): Linear(in_features=128, out_features=1, bias=True)
  )
)
wandb: WARNING `start_method` is deprecated and will be removed in a future version of wandb. This setting is currently non-functional and safely ignored.
Could not find git repository in /workspace/go2-controller/venv/lib/python3.11/site-packages/rsl_rl/__init__.py. Skipping.
Storing git diff for 'unitree_rl_mjlab' in: logs/rsl_rl/go2_velocity/2026-09-19_23-22-38_benchmark4096-seed42/git/unitree_rl_mjlab.diff
################################################################################
[1m                            Learning iteration 0/100                            [0m 

                               Run name: benchmark4096-seed42
                            Total steps: 98304 
                       Steps per second: 24976 
                        Collection time: 3.578s 
                          Learning time: 0.358s 
                        Mean value loss: 1.1541
                    Mean surrogate loss: -0.0032
                      Mean entropy loss: 17.0416
                            Mean reward: -3.98
                    Mean episode length: 23.94
                        Mean action std: 1.00
   Episode_Reward/track_linear_velocity: 0.0009
  Episode_Reward/track_angular_velocity: 0.0046
     Episode_Reward/body_orientation_l2: -0.0002
                    Episode_Reward/pose: 0.0095
            Episode_Reward/body_ang_vel: -0.0018
        Episode_Reward/angular_momentum: -0.0001
           Episode_Reward/is_terminated: -0.1159
            Episode_Reward/joint_acc_l2: -0.0008
        Episode_Reward/joint_pos_limits: 0.0000
          Episode_Reward/action_rate_l2: -0.0144
               Episode_Reward/foot_gait: 0.0030
          Episode_Reward/foot_clearance: -0.0014
               Episode_Reward/foot_slip: -0.0008
            Episode_Reward/soft_landing: -0.0007
             Episode_Reward/stand_still: -0.0001
        Episode_Metrics/mean_action_acc: 1.7656
             Metrics/twist/error_vel_xy: 0.0329
            Metrics/twist/error_vel_yaw: 0.0203
           Episode_Termination/time_out: 4.7083
          Episode_Termination/fell_over: 0.0000
    Episode_Termination/illegal_contact: 42.1250
          Metrics/angular_momentum_mean: 0.3736
             Metrics/slip_velocity_mean: 0.2554
             Metrics/landing_force_mean: 82.4847
--------------------------------------------------------------------------------
                         Iteration time: 3.94s
                           Time elapsed: 00:00:03
                                    ETA: 00:06:29

################################################################################
[1m                            Learning iteration 1/100                            [0m 

                               Run name: benchmark4096-seed42
                            Total steps: 196608 
                       Steps per second: 67695 
                        Collection time: 1.198s 
                          Learning time: 0.254s 
                        Mean value loss: 1.9998
                    Mean surrogate loss: -0.0071
                      Mean entropy loss: 17.0733
                            Mean reward: -4.07
                    Mean episode length: 34.92
                        Mean action std: 1.01
   Episode_Reward/track_linear_velocity: 0.0042
  Episode_Reward/track_angular_velocity: 0.0115
     Episode_Reward/body_orientation_l2: -0.0007
                    Episode_Reward/pose: 0.0240
            Episode_Reward/body_ang_vel: -0.0046
        Episode_Reward/angular_momentum: -0.0002
           Episode_Reward/is_terminated: -0.1976
            Episode_Reward/joint_acc_l2: -0.0017
        Episode_Reward/joint_pos_limits: 0.0000
          Episode_Reward/action_rate_l2: -0.0384
               Episode_Reward/foot_gait: 0.0078
          Episode_Reward/foot_clearance: -0.0034
               Episode_Reward/foot_slip: -0.0025
            Episode_Reward/soft_landing: -0.0016
             Episode_Reward/stand_still: -0.0004
        Episode_Metrics/mean_action_acc: 1.9086
             Metrics/twist/error_vel_xy: 0.0792
            Metrics/twist/error_vel_yaw: 0.0589
           Episode_Termination/time_out: 1.5833
          Episode_Termination/fell_over: 0.2083
    Episode_Termination/illegal_contact: 113.1250
          Metrics/angular_momentum_mean: 0.3743
             Metrics/slip_velocity_mean: 0.2320
             Metrics/landing_force_mean: 79.2995
--------------------------------------------------------------------------------
                         Iteration time: 1.45s
                           Time elapsed: 00:00:05
                                    ETA: 00:04:24

################################################################################
[1m                            Learning iteration 2/100                            [0m 

                               Run name: benchmark4096-seed42
                            Total steps: 294912 
                       Steps per second: 69375 
                        Collection time: 1.193s 
                          Learning time: 0.224s 
                        Mean value loss: 1.2747
                    Mean surrogate loss: -0.0083
                      Mean entropy loss: 17.1368
                            Mean reward: -4.05
                    Mean episode length: 40.90
                        Mean action std: 1.01
   Episode_Reward/track_linear_velocity: 0.0076
  Episode_Reward/track_angular_velocity: 0.0132
     Episode_Reward/body_orientation_l2: -0.0008
                    Episode_Reward/pose: 0.0276
            Episode_Reward/body_ang_vel: -0.0053
        Episode_Reward/angular_momentum: -0.0002
           Episode_Reward/is_terminated: -0.1991
            Episode_Reward/joint_acc_l2: -0.0020
        Episode_Reward/joint_pos_limits: 0.0000
          Episode_Reward/action_rate_l2: -0.0446
               Episode_Reward/foot_gait: 0.0089
          Episode_Reward/foot_clearance: -0.0040
               Episode_Reward/foot_slip: -0.0029
            Episode_Reward/soft_landing: -0.0019
             Episode_Reward/stand_still: -0.0004
        Episode_Metrics/mean_action_acc: 1.9209
             Metrics/twist/error_vel_xy: 0.0704
            Metrics/twist/error_vel_yaw: 0.0680
           Episode_Termination/time_out: 0.4583
          Episode_Termination/fell_over: 0.1250
    Episode_Termination/illegal_contact: 85.7083
          Metrics/angular_momentum_mean: 0.3829
             Metrics/slip_velocity_mean: 0.2347
             Metrics/landing_force_mean: 78.8580
--------------------------------------------------------------------------------
                         Iteration time: 1.42s
                           Time elapsed: 00:00:06
                                    ETA: 00:03:40

################################################################################
[1m                            Learning iteration 3/100                            [0m 

                               Run name: benchmark4096-seed42
                            Total steps: 393216 
                       Steps per second: 67741 
                        Collection time: 1.200s 
                          Learning time: 0.251s 
                        Mean value loss: 0.8043
                    Mean surrogate loss: -0.0104
                      Mean entropy loss: 17.1670
                            Mean reward: -4.03
                    Mean episode length: 45.95
                        Mean action std: 1.01
   Episode_Reward/track_linear_velocity: 0.0105
  Episode_Reward/track_angular_velocity: 0.0151
     Episode_Reward/body_orientation_l2: -0.0011
                    Episode_Reward/pose: 0.0317
            Episode_Reward/body_ang_vel: -0.0062
        Episode_Reward/angular_momentum: -0.0002
           Episode_Reward/is_terminated: -0.1988
            Episode_Reward/joint_acc_l2: -0.0023
        Episode_Reward/joint_pos_limits: 0.0000
          Episode_Reward/action_rate_l2: -0.0519
               Episode_Reward/foot_gait: 0.0103
          Episode_Reward/foot_clearance: -0.0046
               Episode_Reward/foot_slip: -0.0034
            Episode_Reward/soft_landing: -0.0021
             Episode_Reward/stand_still: -0.0005
        Episode_Metrics/mean_action_acc: 1.9292
             Metrics/twist/error_vel_xy: 0.0697
            Metrics/twist/error_vel_yaw: 0.0802
           Episode_Termination/time_out: 0.4167
          Episode_Termination/fell_over: 0.4583
    Episode_Termination/illegal_contact: 68.0417
          Metrics/angular_momentum_mean: 0.3815
             Metrics/slip_velocity_mean: 0.2375
             Metrics/landing_force_mean: 78.8512
--------------------------------------------------------------------------------
                         Iteration time: 1.45s
                           Time elapsed: 00:00:08
                                    ETA: 00:03:18

################################################################################
[1m                            Learning iteration 4/100                            [0m 

                               Run name: benchmark4096-seed42
                            Total steps: 491520 
                       Steps per second: 68182 
                        Collection time: 1.195s 
                          Learning time: 0.247s 
                        Mean value loss: 0.4982
                    Mean surrogate loss: -0.0111
                      Mean entropy loss: 17.1995
                            Mean reward: -4.09
                    Mean episode length: 51.87
                        Mean action std: 1.01
   Episode_Reward/track_linear_velocity: 0.0124
  Episode_Reward/track_angular_velocity: 0.0167
     Episode_Reward/body_orientation_l2: -0.0014
                    Episode_Reward/pose: 0.0355
            Episode_Reward/body_ang_vel: -0.0070
        Episode_Reward/angular_momentum: -0.0002
           Episode_Reward/is_terminated: -0.1996
            Episode_Reward/joint_acc_l2: -0.0025
        Episode_Reward/joint_pos_limits: 0.0000
          Episode_Reward/action_rate_l2: -0.0588
               Episode_Reward/foot_gait: 0.0116
          Episode_Reward/foot_clearance: -0.0052
               Episode_Reward/foot_slip: -0.0038
            Episode_Reward/soft_landing: -0.0023
             Episode_Reward/stand_still: -0.0005
        Episode_Metrics/mean_action_acc: 1.9435
             Metrics/twist/error_vel_xy: 0.0760
            Metrics/twist/error_vel_yaw: 0.0913
           Episode_Termination/time_out: 0.1250
          Episode_Termination/fell_over: 0.5833
    Episode_Termination/illegal_contact: 50.9583
          Metrics/angular_momentum_mean: 0.3863
             Metrics/slip_velocity_mean: 0.2398
             Metrics/landing_force_mean: 78.8634
--------------------------------------------------------------------------------
                         Iteration time: 1.44s
                           Time elapsed: 00:00:09
                                    ETA: 00:03:04

################################################################################
[1m                            Learning iteration 5/100                            [0m 

                               Run name: benchmark4096-seed42
                            Total steps: 589824 
                       Steps per second: 68095 
                        Collection time: 1.200s 
                          Learning time: 0.244s 
                        Mean value loss: 0.2997
                    Mean surrogate loss: -0.0124
                      Mean entropy loss: 17.1901
                            Mean reward: -4.04
                    Mean episode length: 60.05
                        Mean action std: 1.01
   Episode_Reward/track_linear_velocity: 0.0160
  Episode_Reward/track_angular_velocity: 0.0198
     Episode_Reward/body_orientation_l2: -0.0020
                    Episode_Reward/pose: 0.0420
            Episode_Reward/body_ang_vel: -0.0086
        Episode_Reward/angular_momentum: -0.0003
           Episode_Reward/is_terminated: -0.1986
            Episode_Reward/joint_acc_l2: -0.0030
        Episode_Reward/joint_pos_limits: 0.0000
          Episode_Reward/action_rate_l2: -0.0704
               Episode_Reward/foot_gait: 0.0138
          Episode_Reward/foot_clearance: -0.0063
               Episode_Reward/foot_slip: -0.0046
            Episode_Reward/soft_landing: -0.0027
             Episode_Reward/stand_still: -0.0006
        Episode_Metrics/mean_action_acc: 1.9533
             Metrics/twist/error_vel_xy: 0.0871
            Metrics/twist/error_vel_yaw: 0.1091
           Episode_Termination/time_out: 0.2083
          Episode_Termination/fell_over: 1.1250
    Episode_Termination/illegal_contact: 35.2500
          Metrics/angular_momentum_mean: 0.3930
             Metrics/slip_velocity_mean: 0.2387
             Metrics/landing_force_mean: 79.3774
--------------------------------------------------------------------------------
                         Iteration time: 1.44s
                           Time elapsed: 00:00:11
                                    ETA: 00:02:54

################################################################################
[1m                            Learning iteration 6/100                            [0m 

                               Run name: benchmark4096-seed42
                            Total steps: 688128 
                       Steps per second: 70653 
                        Collection time: 1.174s 
                          Learning time: 0.217s 
                        Mean value loss: 0.1823
                    Mean surrogate loss: -0.0099
                      Mean entropy loss: 17.1771
                            Mean reward: -4.16
                    Mean episode length: 73.74
                        Mean action std: 1.01
   Episode_Reward/track_linear_velocity: 0.0195
  Episode_Reward/track_angular_velocity: 0.0233
     Episode_Reward/body_orientation_l2: -0.0030
                    Episode_Reward/pose: 0.0479
            Episode_Reward/body_ang_vel: -0.0105
        Episode_Reward/angular_momentum: -0.0003
           Episode_Reward/is_terminated: -0.1986
            Episode_Reward/joint_acc_l2: -0.0035
        Episode_Reward/joint_pos_limits: 0.0000
          Episode_Reward/action_rate_l2: -0.0824
               Episode_Reward/foot_gait: 0.0160
          Episode_Reward/foot_clearance: -0.0073
               Episode_Reward/foot_slip: -0.0051
            Episode_Reward/soft_landing: -0.0030
             Episode_Reward/stand_still: -0.0008
        Episode_Metrics/mean_action_acc: 1.9593
             Metrics/twist/error_vel_xy: 0.0985
            Metrics/twist/error_vel_yaw: 0.1248
           Episode_Termination/time_out: 0.1667
          Episode_Termination/fell_over: 1.4583
    Episode_Termination/illegal_contact: 21.4583
          Metrics/angular_momentum_mean: 0.3989
             Metrics/slip_velocity_mean: 0.2369
             Metrics/landing_force_mean: 80.4217
--------------------------------------------------------------------------------
                         Iteration time: 1.39s
                           Time elapsed: 00:00:12
                                    ETA: 00:02:46

################################################################################
[1m                            Learning iteration 7/100                            [0m 

                               Run name: benchmark4096-seed42
                            Total steps: 786432 
                       Steps per second: 77033 
                        Collection time: 1.058s 
                          Learning time: 0.218s 
                        Mean value loss: 0.1215
                    Mean surrogate loss: -0.0069
                      Mean entropy loss: 17.1630
                            Mean reward: -4.26
                    Mean episode length: 85.28
                        Mean action std: 1.01
   Episode_Reward/track_linear_velocity: 0.0240
  Episode_Reward/track_angular_velocity: 0.0265
     Episode_Reward/body_orientation_l2: -0.0042
                    Episode_Reward/pose: 0.0552
            Episode_Reward/body_ang_vel: -0.0126
        Episode_Reward/angular_momentum: -0.0004
           Episode_Reward/is_terminated: -0.1986
            Episode_Reward/joint_acc_l2: -0.0040
        Episode_Reward/joint_pos_limits: 0.0000
          Episode_Reward/action_rate_l2: -0.0956
               Episode_Reward/foot_gait: 0.0187
          Episode_Reward/foot_clearance: -0.0085
               Episode_Reward/foot_slip: -0.0058
            Episode_Reward/soft_landing: -0.0033
             Episode_Reward/stand_still: -0.0008
        Episode_Metrics/mean_action_acc: 1.9540
             Metrics/twist/error_vel_xy: 0.1083
            Metrics/twist/error_vel_yaw: 0.1499
           Episode_Termination/time_out: 0.0417
          Episode_Termination/fell_over: 1.5833
    Episode_Termination/illegal_contact: 11.9167
          Metrics/angular_momentum_mean: 0.4046
             Metrics/slip_velocity_mean: 0.2357
             Metrics/landing_force_mean: 81.6917
--------------------------------------------------------------------------------
                         Iteration time: 1.28s
                           Time elapsed: 00:00:13
                                    ETA: 00:02:38

################################################################################
[1m                            Learning iteration 8/100                            [0m 

                               Run name: benchmark4096-seed42
                            Total steps: 884736 
                       Steps per second: 75463 
                        Collection time: 1.078s 
                          Learning time: 0.224s 
                        Mean value loss: 0.1094
                    Mean surrogate loss: -0.0047
                      Mean entropy loss: 17.1368
                            Mean reward: -4.45
                    Mean episode length: 108.82
                        Mean action std: 1.01
   Episode_Reward/track_linear_velocity: 0.0293
  Episode_Reward/track_angular_velocity: 0.0351
     Episode_Reward/body_orientation_l2: -0.0058
                    Episode_Reward/pose: 0.0679
            Episode_Reward/body_ang_vel: -0.0164
        Episode_Reward/angular_momentum: -0.0006
           Episode_Reward/is_terminated: -0.1969
            Episode_Reward/joint_acc_l2: -0.0053
        Episode_Reward/joint_pos_limits: 0.0000
          Episode_Reward/action_rate_l2: -0.1258
               Episode_Reward/foot_gait: 0.0245
          Episode_Reward/foot_clearance: -0.0112
               Episode_Reward/foot_slip: -0.0077
            Episode_Reward/soft_landing: -0.0043
             Episode_Reward/stand_still: -0.0012
        Episode_Metrics/mean_action_acc: 1.9743
             Metrics/twist/error_vel_xy: 0.1471
            Metrics/twist/error_vel_yaw: 0.1930
           Episode_Termination/time_out: 0.1250
          Episode_Termination/fell_over: 1.2083
    Episode_Termination/illegal_contact: 7.1250
          Metrics/angular_momentum_mean: 0.4078
             Metrics/slip_velocity_mean: 0.2324
             Metrics/landing_force_mean: 83.3847
--------------------------------------------------------------------------------
                         Iteration time: 1.30s
                           Time elapsed: 00:00:15
                                    ETA: 00:02:32

################################################################################
[1m                            Learning iteration 9/100                            [0m 

                               Run name: benchmark4096-seed42
                            Total steps: 983040 
                       Steps per second: 75360 
                        Collection time: 1.080s 
                          Learning time: 0.224s 
                        Mean value loss: 0.1442
                    Mean surrogate loss: -0.0053
                      Mean entropy loss: 17.0555
                            Mean reward: -4.64
                    Mean episode length: 137.64
                        Mean action std: 1.00
   Episode_Reward/track_linear_velocity: 0.0382
  Episode_Reward/track_angular_velocity: 0.0420
     Episode_Reward/body_orientation_l2: -0.0058
                    Episode_Reward/pose: 0.0794
            Episode_Reward/body_ang_vel: -0.0193
        Episode_Reward/angular_momentum: -0.0007
           Episode_Reward/is_terminated: -0.1977
            Episode_Reward/joint_acc_l2: -0.0069
        Episode_Reward/joint_pos_limits: 0.0000
          Episode_Reward/action_rate_l2: -0.1539
               Episode_Reward/foot_gait: 0.0297
          Episode_Reward/foot_clearance: -0.0143
               Episode_Reward/foot_slip: -0.0105
            Episode_Reward/soft_landing: -0.0058
             Episode_Reward/stand_still: -0.0026
        Episode_Metrics/mean_action_acc: 1.9602
             Metrics/twist/error_vel_xy: 0.1803
            Metrics/twist/error_vel_yaw: 0.2453
           Episode_Termination/time_out: 0.1250
          Episode_Termination/fell_over: 0.9583
    Episode_Termination/illegal_contact: 10.7083
          Metrics/angular_momentum_mean: 0.4031
             Metrics/slip_velocity_mean: 0.2309
             Metrics/landing_force_mean: 84.6253
--------------------------------------------------------------------------------
                         Iteration time: 1.30s
                           Time elapsed: 00:00:16
                                    ETA: 00:02:27

################################################################################
[1m                           Learning iteration 10/100                            [0m 

                               Run name: benchmark4096-seed42
                            Total steps: 1081344 
                       Steps per second: 75738 
                        Collection time: 1.080s 
                          Learning time: 0.218s 
                        Mean value loss: 0.1903
                    Mean surrogate loss: -0.0054
                      Mean entropy loss: 16.9903
                            Mean reward: -4.53
                    Mean episode length: 158.54
                        Mean action std: 1.00
   Episode_Reward/track_linear_velocity: 0.0494
  Episode_Reward/track_angular_velocity: 0.0541
     Episode_Reward/body_orientation_l2: -0.0055
                    Episode_Reward/pose: 0.0999
            Episode_Reward/body_ang_vel: -0.0221
        Episode_Reward/angular_momentum: -0.0008
           Episode_Reward/is_terminated: -0.1977
            Episode_Reward/joint_acc_l2: -0.0082
        Episode_Reward/joint_pos_limits: 0.0000
          Episode_Reward/action_rate_l2: -0.1901
               Episode_Reward/foot_gait: 0.0378
          Episode_Reward/foot_clearance: -0.0178
               Episode_Reward/foot_slip: -0.0131
            Episode_Reward/soft_landing: -0.0072
             Episode_Reward/stand_still: -0.0021
        Episode_Metrics/mean_action_acc: 1.9649
             Metrics/twist/error_vel_xy: 0.2179
            Metrics/twist/error_vel_yaw: 0.2900
           Episode_Termination/time_out: 0.2083
          Episode_Termination/fell_over: 0.6250
    Episode_Termination/illegal_contact: 15.7917
          Metrics/angular_momentum_mean: 0.4017
             Metrics/slip_velocity_mean: 0.2306
             Metrics/landing_force_mean: 85.1643
--------------------------------------------------------------------------------
                         Iteration time: 1.30s
                           Time elapsed: 00:00:17
                                    ETA: 00:02:23

################################################################################
[1m                           Learning iteration 11/100                            [0m 

                               Run name: benchmark4096-seed42
                            Total steps: 1179648 
                       Steps per second: 70884 
                        Collection time: 1.154s 
                          Learning time: 0.233s 
                        Mean value loss: 0.1556
                    Mean surrogate loss: -0.0060
                      Mean entropy loss: 16.9374
                            Mean reward: -4.68
                    Mean episode length: 170.52
                        Mean action std: 0.99
   Episode_Reward/track_linear_velocity: 0.0531
  Episode_Reward/track_angular_velocity: 0.0567
     Episode_Reward/body_orientation_l2: -0.0058
                    Episode_Reward/pose: 0.1029
            Episode_Reward/body_ang_vel: -0.0231
        Episode_Reward/angular_momentum: -0.0009
           Episode_Reward/is_terminated: -0.1995
            Episode_Reward/joint_acc_l2: -0.0086
        Episode_Reward/joint_pos_limits: 0.0000
          Episode_Reward/action_rate_l2: -0.1985
               Episode_Reward/foot_gait: 0.0392
          Episode_Reward/foot_clearance: -0.0187
               Episode_Reward/foot_slip: -0.0130
            Episode_Reward/soft_landing: -0.0075
             Episode_Reward/stand_still: -0.0028
        Episode_Metrics/mean_action_acc: 1.9600
             Metrics/twist/error_vel_xy: 0.2216
            Metrics/twist/error_vel_yaw: 0.3047
           Episode_Termination/time_out: 0.0417
          Episode_Termination/fell_over: 0.2917
    Episode_Termination/illegal_contact: 14.9167
          Metrics/angular_momentum_mean: 0.4062
             Metrics/slip_velocity_mean: 0.2358
             Metrics/landing_force_mean: 85.0832
--------------------------------------------------------------------------------
                         Iteration time: 1.39s
                           Time elapsed: 00:00:19
                                    ETA: 00:02:20

################################################################################
[1m                           Learning iteration 12/100                            [0m 

                               Run name: benchmark4096-seed42
                            Total steps: 1277952 
                       Steps per second: 73641 
                        Collection time: 1.101s 
                          Learning time: 0.234s 
                        Mean value loss: 0.1210
                    Mean surrogate loss: -0.0053
                      Mean entropy loss: 16.8534
                            Mean reward: -4.54
                    Mean episode length: 163.46
                        Mean action std: 0.98
   Episode_Reward/track_linear_velocity: 0.0507
  Episode_Reward/track_angular_velocity: 0.0586
     Episode_Reward/body_orientation_l2: -0.0064
                    Episode_Reward/pose: 0.1004
            Episode_Reward/body_ang_vel: -0.0228
        Episode_Reward/angular_momentum: -0.0009
           Episode_Reward/is_terminated: -0.2000
            Episode_Reward/joint_acc_l2: -0.0083
        Episode_Reward/joint_pos_limits: 0.0000
          Episode_Reward/action_rate_l2: -0.1970
               Episode_Reward/foot_gait: 0.0387
          Episode_Reward/foot_clearance: -0.0180
               Episode_Reward/foot_slip: -0.0120
            Episode_Reward/soft_landing: -0.0069
             Episode_Reward/stand_still: -0.0034
        Episode_Metrics/mean_action_acc: 1.9513
             Metrics/twist/error_vel_xy: 0.2273
            Metrics/twist/error_vel_yaw: 0.2994
           Episode_Termination/time_out: 0.0000
          Episode_Termination/fell_over: 0.8333
    Episode_Termination/illegal_contact: 15.0833
          Metrics/angular_momentum_mean: 0.4003
             Metrics/slip_velocity_mean: 0.2320
             Metrics/landing_force_mean: 84.3663
--------------------------------------------------------------------------------
                         Iteration time: 1.33s
                           Time elapsed: 00:00:20
                                    ETA: 00:02:16

################################################################################
[1m                           Learning iteration 13/100                            [0m 

                               Run name: benchmark4096-seed42
                            Total steps: 1376256 
                       Steps per second: 75477 
                        Collection time: 1.077s 
                          Learning time: 0.226s 
                        Mean value loss: 0.0567
                    Mean surrogate loss: -0.0078
                      Mean entropy loss: 16.7358
                            Mean reward: -4.37
                    Mean episode length: 161.81
                        Mean action std: 0.97
   Episode_Reward/track_linear_velocity: 0.0552
  Episode_Reward/track_angular_velocity: 0.0589
     Episode_Reward/body_orientation_l2: -0.0067
                    Episode_Reward/pose: 0.1058
            Episode_Reward/body_ang_vel: -0.0232
        Episode_Reward/angular_momentum: -0.0009
           Episode_Reward/is_terminated: -0.1987
            Episode_Reward/joint_acc_l2: -0.0084
        Episode_Reward/joint_pos_limits: 0.0000
          Episode_Reward/action_rate_l2: -0.1999
               Episode_Reward/foot_gait: 0.0404
          Episode_Reward/foot_clearance: -0.0186
               Episode_Reward/foot_slip: -0.0120
            Episode_Reward/soft_landing: -0.0069
             Episode_Reward/stand_still: -0.0021
        Episode_Metrics/mean_action_acc: 1.9514
             Metrics/twist/error_vel_xy: 0.2155
            Metrics/twist/error_vel_yaw: 0.3041
           Episode_Termination/time_out: 0.0833
          Episode_Termination/fell_over: 0.6667
    Episode_Termination/illegal_contact: 10.1250
          Metrics/angular_momentum_mean: 0.3847
             Metrics/slip_velocity_mean: 0.2240
             Metrics/landing_force_mean: 83.9121
--------------------------------------------------------------------------------
                         Iteration time: 1.30s
                           Time elapsed: 00:00:21
                                    ETA: 00:02:13

################################################################################
[1m                           Learning iteration 14/100                            [0m 

                               Run name: benchmark4096-seed42
                            Total steps: 1474560 
                       Steps per second: 76622 
                        Collection time: 1.063s 
                          Learning time: 0.220s 
                        Mean value loss: 0.0279
                    Mean surrogate loss: -0.0102
                      Mean entropy loss: 16.5398
                            Mean reward: -4.31
                    Mean episode length: 180.35
                        Mean action std: 0.96
   Episode_Reward/track_linear_velocity: 0.0682
  Episode_Reward/track_angular_velocity: 0.0650
     Episode_Reward/body_orientation_l2: -0.0077
                    Episode_Reward/pose: 0.1124
            Episode_Reward/body_ang_vel: -0.0247
        Episode_Reward/angular_momentum: -0.0009
           Episode_Reward/is_terminated: -0.1988
            Episode_Reward/joint_acc_l2: -0.0090
        Episode_Reward/joint_pos_limits: 0.0000
          Episode_Reward/action_rate_l2: -0.2203
               Episode_Reward/foot_gait: 0.0436
          Episode_Reward/foot_clearance: -0.0195
               Episode_Reward/foot_slip: -0.0125
            Episode_Reward/soft_landing: -0.0070
             Episode_Reward/stand_still: -0.0039
        Episode_Metrics/mean_action_acc: 1.9471
             Metrics/twist/error_vel_xy: 0.2202
            Metrics/twist/error_vel_yaw: 0.3396
           Episode_Termination/time_out: 0.0417
          Episode_Termination/fell_over: 0.5417
    Episode_Termination/illegal_contact: 4.2917
          Metrics/angular_momentum_mean: 0.3764
             Metrics/slip_velocity_mean: 0.2203
             Metrics/landing_force_mean: 83.5182
--------------------------------------------------------------------------------
                         Iteration time: 1.28s
                           Time elapsed: 00:00:23
                                    ETA: 00:02:10

################################################################################
[1m                           Learning iteration 15/100                            [0m 

                               Run name: benchmark4096-seed42
                            Total steps: 1572864 
                       Steps per second: 80113 
                        Collection time: 1.036s 
                          Learning time: 0.191s 
                        Mean value loss: 0.0145
                    Mean surrogate loss: -0.0127
                      Mean entropy loss: 16.3105
                            Mean reward: -4.21
                    Mean episode length: 179.03
                        Mean action std: 0.94
   Episode_Reward/track_linear_velocity: 0.0662
  Episode_Reward/track_angular_velocity: 0.0665
     Episode_Reward/body_orientation_l2: -0.0084
                    Episode_Reward/pose: 0.1190
            Episode_Reward/body_ang_vel: -0.0261
        Episode_Reward/angular_momentum: -0.0010
           Episode_Reward/is_terminated: -0.1944
            Episode_Reward/joint_acc_l2: -0.0092
        Episode_Reward/joint_pos_limits: 0.0000
          Episode_Reward/action_rate_l2: -0.2307
               Episode_Reward/foot_gait: 0.0454
          Episode_Reward/foot_clearance: -0.0201
               Episode_Reward/foot_slip: -0.0129
            Episode_Reward/soft_landing: -0.0070
             Episode_Reward/stand_still: -0.0054
        Episode_Metrics/mean_action_acc: 1.9077
             Metrics/twist/error_vel_xy: 0.2595
            Metrics/twist/error_vel_yaw: 0.3821
           Episode_Termination/time_out: 0.0833
          Episode_Termination/fell_over: 0.1250
    Episode_Termination/illegal_contact: 1.7917
          Metrics/angular_momentum_mean: 0.3711
             Metrics/slip_velocity_mean: 0.2144
             Metrics/landing_force_mean: 82.4032
--------------------------------------------------------------------------------
                         Iteration time: 1.23s
                           Time elapsed: 00:00:24
                                    ETA: 00:02:07

################################################################################
[1m                           Learning iteration 16/100                            [0m 

                               Run name: benchmark4096-seed42
                            Total steps: 1671168 
                       Steps per second: 82450 
                        Collection time: 0.990s 
                          Learning time: 0.202s 
                        Mean value loss: 0.0111
                    Mean surrogate loss: -0.0134
                      Mean entropy loss: 16.0793
                            Mean reward: -4.12
                    Mean episode length: 183.89
                        Mean action std: 0.92
   Episode_Reward/track_linear_velocity: 0.0558
  Episode_Reward/track_angular_velocity: 0.0797
     Episode_Reward/body_orientation_l2: -0.0101
                    Episode_Reward/pose: 0.1422
            Episode_Reward/body_ang_vel: -0.0288
        Episode_Reward/angular_momentum: -0.0011
           Episode_Reward/is_terminated: -0.1792
            Episode_Reward/joint_acc_l2: -0.0096
        Episode_Reward/joint_pos_limits: 0.0000
          Episode_Reward/action_rate_l2: -0.2617
               Episode_Reward/foot_gait: 0.0560
          Episode_Reward/foot_clearance: -0.0230
               Episode_Reward/foot_slip: -0.0136
            Episode_Reward/soft_landing: -0.0066
             Episode_Reward/stand_still: 0.0000
        Episode_Metrics/mean_action_acc: 1.9272
             Metrics/twist/error_vel_xy: 0.3399
            Metrics/twist/error_vel_yaw: 0.4049
           Episode_Termination/time_out: 0.1250
          Episode_Termination/fell_over: 0.2500
    Episode_Termination/illegal_contact: 1.1250
          Metrics/angular_momentum_mean: 0.3563
             Metrics/slip_velocity_mean: 0.2098
             Metrics/landing_force_mean: 81.7781
--------------------------------------------------------------------------------
                         Iteration time: 1.19s
                           Time elapsed: 00:00:25
                                    ETA: 00:02:04

################################################################################
[1m                           Learning iteration 17/100                            [0m 

                               Run name: benchmark4096-seed42
                            Total steps: 1769472 
                       Steps per second: 84714 
                        Collection time: 0.956s 
                          Learning time: 0.204s 
                        Mean value loss: 0.0094
                    Mean surrogate loss: -0.0131
                      Mean entropy loss: 15.8301
                            Mean reward: -4.02
                    Mean episode length: 185.65
                        Mean action std: 0.90
   Episode_Reward/track_linear_velocity: 0.0945
  Episode_Reward/track_angular_velocity: 0.0783
     Episode_Reward/body_orientation_l2: -0.0117
                    Episode_Reward/pose: 0.1808
            Episode_Reward/body_ang_vel: -0.0381
        Episode_Reward/angular_momentum: -0.0013
           Episode_Reward/is_terminated: -0.2000
            Episode_Reward/joint_acc_l2: -0.0099
        Episode_Reward/joint_pos_limits: 0.0000
          Episode_Reward/action_rate_l2: -0.3089
               Episode_Reward/foot_gait: 0.0658
          Episode_Reward/foot_clearance: -0.0229
               Episode_Reward/foot_slip: -0.0126
            Episode_Reward/soft_landing: -0.0060
             Episode_Reward/stand_still: -0.0039
        Episode_Metrics/mean_action_acc: 1.9166
             Metrics/twist/error_vel_xy: 0.3057
            Metrics/twist/error_vel_yaw: 0.5639
           Episode_Termination/time_out: 0.0000
          Episode_Termination/fell_over: 0.5000
    Episode_Termination/illegal_contact: 0.5000
          Metrics/angular_momentum_mean: 0.3462
             Metrics/slip_velocity_mean: 0.2025
             Metrics/landing_force_mean: 80.2127
--------------------------------------------------------------------------------
                         Iteration time: 1.16s
                           Time elapsed: 00:00:26
                                    ETA: 00:02:01

################################################################################
[1m                           Learning iteration 18/100                            [0m 

                               Run name: benchmark4096-seed42
                            Total steps: 1867776 
                       Steps per second: 85403 
                        Collection time: 0.934s 
                          Learning time: 0.217s 
                        Mean value loss: 0.0108
                    Mean surrogate loss: -0.0116
                      Mean entropy loss: 15.4924
                            Mean reward: -3.91
                    Mean episode length: 195.02
                        Mean action std: 0.88
   Episode_Reward/track_linear_velocity: 0.0885
  Episode_Reward/track_angular_velocity: 0.1646
     Episode_Reward/body_orientation_l2: -0.0091
                    Episode_Reward/pose: 0.3180
            Episode_Reward/body_ang_vel: -0.0585
        Episode_Reward/angular_momentum: -0.0021
           Episode_Reward/is_terminated: -0.0167
            Episode_Reward/joint_acc_l2: -0.0233
        Episode_Reward/joint_pos_limits: 0.0000
          Episode_Reward/action_rate_l2: -0.5054
               Episode_Reward/foot_gait: 0.1130
          Episode_Reward/foot_clearance: -0.0531
               Episode_Reward/foot_slip: -0.0371
            Episode_Reward/soft_landing: -0.0258
             Episode_Reward/stand_still: 0.0000
        Episode_Metrics/mean_action_acc: 1.9169
             Metrics/twist/error_vel_xy: 0.8529
            Metrics/twist/error_vel_yaw: 0.7639
           Episode_Termination/time_out: 0.9167
          Episode_Termination/fell_over: 0.0833
    Episode_Termination/illegal_contact: 0.0000
          Metrics/angular_momentum_mean: 0.3363
             Metrics/slip_velocity_mean: 0.1939
             Metrics/landing_force_mean: 79.1155
--------------------------------------------------------------------------------
                         Iteration time: 1.15s
                           Time elapsed: 00:00:27
                                    ETA: 00:01:58

################################################################################
[1m                           Learning iteration 19/100                            [0m 

                               Run name: benchmark4096-seed42
                            Total steps: 1966080 
                       Steps per second: 83208 
                        Collection time: 0.954s 
                          Learning time: 0.228s 
                        Mean value loss: 0.0095
                    Mean surrogate loss: -0.0098
                      Mean entropy loss: 15.2631
                            Mean reward: -3.91
                    Mean episode length: 198.44
                        Mean action std: 0.86
   Episode_Reward/track_linear_velocity: 0.1135
  Episode_Reward/track_angular_velocity: 0.1096
     Episode_Reward/body_orientation_l2: -0.0078
                    Episode_Reward/pose: 0.3242
            Episode_Reward/body_ang_vel: -0.0658
        Episode_Reward/angular_momentum: -0.0022
           Episode_Reward/is_terminated: 0.0000
            Episode_Reward/joint_acc_l2: -0.0306
        Episode_Reward/joint_pos_limits: 0.0000
          Episode_Reward/action_rate_l2: -0.5379
               Episode_Reward/foot_gait: 0.1200
          Episode_Reward/foot_clearance: -0.0669
               Episode_Reward/foot_slip: -0.0570
            Episode_Reward/soft_landing: -0.0354
             Episode_Reward/stand_still: 0.0000
        Episode_Metrics/mean_action_acc: 1.9207
             Metrics/twist/error_vel_xy: 0.8625
            Metrics/twist/error_vel_yaw: 1.0936
           Episode_Termination/time_out: 1.0000
          Episode_Termination/fell_over: 0.0000
    Episode_Termination/illegal_contact: 0.0000
          Metrics/angular_momentum_mean: 0.3289
             Metrics/slip_velocity_mean: 0.1886
             Metrics/landing_force_mean: 78.0356
--------------------------------------------------------------------------------
                         Iteration time: 1.18s
                           Time elapsed: 00:00:28
                                    ETA: 00:01:55

################################################################################
[1m                           Learning iteration 20/100                            [0m 

                               Run name: benchmark4096-seed42
                            Total steps: 2064384 
                       Steps per second: 90122 
                        Collection time: 0.919s 
                          Learning time: 0.172s 
                        Mean value loss: 0.0105
                    Mean surrogate loss: -0.0090
                      Mean entropy loss: 15.0685
                            Mean reward: -3.90
                    Mean episode length: 198.06
                        Mean action std: 0.85
   Episode_Reward/track_linear_velocity: 0.0448
  Episode_Reward/track_angular_velocity: 0.0573
     Episode_Reward/body_orientation_l2: -0.0040
                    Episode_Reward/pose: 0.1461
            Episode_Reward/body_ang_vel: -0.0241
        Episode_Reward/angular_momentum: -0.0009
           Episode_Reward/is_terminated: -0.1750
            Episode_Reward/joint_acc_l2: -0.0090
        Episode_Reward/joint_pos_limits: 0.0000
          Episode_Reward/action_rate_l2: -0.2131
               Episode_Reward/foot_gait: 0.0532
          Episode_Reward/foot_clearance: -0.0215
               Episode_Reward/foot_slip: -0.0158
            Episode_Reward/soft_landing: -0.0084
             Episode_Reward/stand_still: 0.0000
        Episode_Metrics/mean_action_acc: 1.7848
             Metrics/twist/error_vel_xy: 0.3135
            Metrics/twist/error_vel_yaw: 0.4416
           Episode_Termination/time_out: 0.1250
          Episode_Termination/fell_over: 0.0000
    Episode_Termination/illegal_contact: 0.8750
          Metrics/angular_momentum_mean: 0.3241
             Metrics/slip_velocity_mean: 0.1841
             Metrics/landing_force_mean: 76.3083
--------------------------------------------------------------------------------
                         Iteration time: 1.09s
                           Time elapsed: 00:00:30
                                    ETA: 00:01:52

################################################################################
[1m                           Learning iteration 21/100                            [0m 

                               Run name: benchmark4096-seed42
                            Total steps: 2162688 
                       Steps per second: 81235 
                        Collection time: 0.937s 
                          Learning time: 0.273s 
                        Mean value loss: 0.0101
                    Mean surrogate loss: -0.0100
                      Mean entropy loss: 14.8659
                            Mean reward: -3.85
                    Mean episode length: 202.55
                        Mean action std: 0.84
   Episode_Reward/track_linear_velocity: 0.0377
  Episode_Reward/track_angular_velocity: 0.0791
     Episode_Reward/body_orientation_l2: -0.0094
                    Episode_Reward/pose: 0.1248
            Episode_Reward/body_ang_vel: -0.0209
        Episode_Reward/angular_momentum: -0.0010
           Episode_Reward/is_terminated: -0.1833
            Episode_Reward/joint_acc_l2: -0.0068
        Episode_Reward/joint_pos_limits: 0.0000
          Episode_Reward/action_rate_l2: -0.2225
               Episode_Reward/foot_gait: 0.0494
          Episode_Reward/foot_clearance: -0.0158
               Episode_Reward/foot_slip: -0.0089
            Episode_Reward/soft_landing: -0.0033
             Episode_Reward/stand_still: -0.0063
        Episode_Metrics/mean_action_acc: 1.8070
             Metrics/twist/error_vel_xy: 0.3899
            Metrics/twist/error_vel_yaw: 0.3656
           Episode_Termination/time_out: 0.0833
          Episode_Termination/fell_over: 0.0000
    Episode_Termination/illegal_contact: 0.9167
          Metrics/angular_momentum_mean: 0.3182
             Metrics/slip_velocity_mean: 0.1814
             Metrics/landing_force_mean: 75.3781
--------------------------------------------------------------------------------
                         Iteration time: 1.21s
                           Time elapsed: 00:00:31
                                    ETA: 00:01:50

################################################################################
[1m                           Learning iteration 22/100                            [0m 

                               Run name: benchmark4096-seed42
                            Total steps: 2260992 
                       Steps per second: 78432 
                        Collection time: 1.019s 
                          Learning time: 0.234s 
                        Mean value loss: 0.0150
                    Mean surrogate loss: -0.0056
                      Mean entropy loss: 14.7467
                            Mean reward: -3.45
                    Mean episode length: 236.12
                        Mean action std: 0.82
   Episode_Reward/track_linear_velocity: 0.2031
  Episode_Reward/track_angular_velocity: 0.2196
     Episode_Reward/body_orientation_l2: -0.0104
                    Episode_Reward/pose: 0.2621
            Episode_Reward/body_ang_vel: -0.0536
        Episode_Reward/angular_momentum: -0.0019
           Episode_Reward/is_terminated: -0.0917
            Episode_Reward/joint_acc_l2: -0.0175
        Episode_Reward/joint_pos_limits: 0.0000
          Episode_Reward/action_rate_l2: -0.5183
               Episode_Reward/foot_gait: 0.0906
          Episode_Reward/foot_clearance: -0.0330
               Episode_Reward/foot_slip: -0.0203
            Episode_Reward/soft_landing: -0.0117
             Episode_Reward/stand_still: -0.0290
        Episode_Metrics/mean_action_acc: 1.8806
             Metrics/twist/error_vel_xy: 0.5541
            Metrics/twist/error_vel_yaw: 0.6469
           Episode_Termination/time_out: 0.7083
          Episode_Termination/fell_over: 0.2083
    Episode_Termination/illegal_contact: 0.4583
          Metrics/angular_momentum_mean: 0.3144
             Metrics/slip_velocity_mean: 0.1831
             Metrics/landing_force_mean: 74.9145
--------------------------------------------------------------------------------
                         Iteration time: 1.25s
                           Time elapsed: 00:00:32
                                    ETA: 00:01:48

################################################################################
[1m                           Learning iteration 23/100                            [0m 

                               Run name: benchmark4096-seed42
                            Total steps: 2359296 
                       Steps per second: 73226 
                        Collection time: 1.096s 
                          Learning time: 0.246s 
                        Mean value loss: 0.0236
                    Mean surrogate loss: -0.0072
                      Mean entropy loss: 14.5994
                            Mean reward: -2.97
                    Mean episode length: 276.95
                        Mean action std: 0.81
   Episode_Reward/track_linear_velocity: 0.1207
  Episode_Reward/track_angular_velocity: 0.1557
     Episode_Reward/body_orientation_l2: -0.0084
                    Episode_Reward/pose: 0.2765
            Episode_Reward/body_ang_vel: -0.0421
        Episode_Reward/angular_momentum: -0.0015
           Episode_Reward/is_terminated: -0.1750
            Episode_Reward/joint_acc_l2: -0.0137
        Episode_Reward/joint_pos_limits: 0.0000
          Episode_Reward/action_rate_l2: -0.4021
               Episode_Reward/foot_gait: 0.0986
          Episode_Reward/foot_clearance: -0.0336
               Episode_Reward/foot_slip: -0.0194
            Episode_Reward/soft_landing: -0.0108
             Episode_Reward/stand_still: -0.0013
        Episode_Metrics/mean_action_acc: 1.8051
             Metrics/twist/error_vel_xy: 0.5766
            Metrics/twist/error_vel_yaw: 0.6237
           Episode_Termination/time_out: 0.2083
          Episode_Termination/fell_over: 0.0417
    Episode_Termination/illegal_contact: 1.1667
          Metrics/angular_momentum_mean: 0.3125
             Metrics/slip_velocity_mean: 0.1795
             Metrics/landing_force_mean: 74.0224
--------------------------------------------------------------------------------
                         Iteration time: 1.34s
                           Time elapsed: 00:00:33
                                    ETA: 00:01:47

################################################################################
[1m                           Learning iteration 24/100                            [0m 

                               Run name: benchmark4096-seed42
                            Total steps: 2457600 
                       Steps per second: 69745 
                        Collection time: 1.147s 
                          Learning time: 0.263s 
                        Mean value loss: 0.0195
                    Mean surrogate loss: -0.0089
                      Mean entropy loss: 14.3903
                            Mean reward: -2.45
                    Mean episode length: 312.76
                        Mean action std: 0.80
   Episode_Reward/track_linear_velocity: 0.1473
  Episode_Reward/track_angular_velocity: 0.1512
     Episode_Reward/body_orientation_l2: -0.0110
                    Episode_Reward/pose: 0.2691
            Episode_Reward/body_ang_vel: -0.0456
        Episode_Reward/angular_momentum: -0.0016
           Episode_Reward/is_terminated: -0.1917
            Episode_Reward/joint_acc_l2: -0.0167
        Episode_Reward/joint_pos_limits: 0.0000
          Episode_Reward/action_rate_l2: -0.3919
               Episode_Reward/foot_gait: 0.0940
          Episode_Reward/foot_clearance: -0.0385
               Episode_Reward/foot_slip: -0.0239
            Episode_Reward/soft_landing: -0.0159
             Episode_Reward/stand_still: -0.0034
        Episode_Metrics/mean_action_acc: 1.7821
             Metrics/twist/error_vel_xy: 0.4780
            Metrics/twist/error_vel_yaw: 0.6323
           Episode_Termination/time_out: 0.1250
          Episode_Termination/fell_over: 0.4167
    Episode_Termination/illegal_contact: 1.1250
          Metrics/angular_momentum_mean: 0.3058
             Metrics/slip_velocity_mean: 0.1732
             Metrics/landing_force_mean: 72.7461
--------------------------------------------------------------------------------
                         Iteration time: 1.41s
                           Time elapsed: 00:00:35
                                    ETA: 00:01:45

################################################################################
[1m                           Learning iteration 25/100                            [0m 

                               Run name: benchmark4096-seed42
                            Total steps: 2555904 
                       Steps per second: 74003 
                        Collection time: 1.069s 
                          Learning time: 0.260s 
                        Mean value loss: 0.0156
                    Mean surrogate loss: -0.0078
                      Mean entropy loss: 14.1754
                            Mean reward: -2.12
                    Mean episode length: 341.91
                        Mean action std: 0.79
   Episode_Reward/track_linear_velocity: 0.1403
  Episode_Reward/track_angular_velocity: 0.1664
     Episode_Reward/body_orientation_l2: -0.0122
                    Episode_Reward/pose: 0.3062
            Episode_Reward/body_ang_vel: -0.0474
        Episode_Reward/angular_momentum: -0.0017
           Episode_Reward/is_terminated: -0.2000
            Episode_Reward/joint_acc_l2: -0.0170
        Episode_Reward/joint_pos_limits: 0.0000
          Episode_Reward/action_rate_l2: -0.4236
               Episode_Reward/foot_gait: 0.1075
          Episode_Reward/foot_clearance: -0.0415
               Episode_Reward/foot_slip: -0.0257
            Episode_Reward/soft_landing: -0.0163
             Episode_Reward/stand_still: 0.0000
        Episode_Metrics/mean_action_acc: 1.7790
             Metrics/twist/error_vel_xy: 0.5372
            Metrics/twist/error_vel_yaw: 0.6844
           Episode_Termination/time_out: 0.0000
          Episode_Termination/fell_over: 0.3750
    Episode_Termination/illegal_contact: 1.5833
          Metrics/angular_momentum_mean: 0.2970
             Metrics/slip_velocity_mean: 0.1665
             Metrics/landing_force_mean: 72.7543
--------------------------------------------------------------------------------
                         Iteration time: 1.33s
                           Time elapsed: 00:00:36
                                    ETA: 00:01:44

################################################################################
[1m                           Learning iteration 26/100                            [0m 

                               Run name: benchmark4096-seed42
                            Total steps: 2654208 
                       Steps per second: 70106 
                        Collection time: 1.104s 
                          Learning time: 0.298s 
                        Mean value loss: 0.0130
                    Mean surrogate loss: -0.0080
                      Mean entropy loss: 14.0268
                            Mean reward: -1.96
                    Mean episode length: 364.25
                        Mean action std: 0.78
   Episode_Reward/track_linear_velocity: 0.1543
  Episode_Reward/track_angular_velocity: 0.1946
     Episode_Reward/body_orientation_l2: -0.0121
                    Episode_Reward/pose: 0.3444
            Episode_Reward/body_ang_vel: -0.0548
        Episode_Reward/angular_momentum: -0.0020
           Episode_Reward/is_terminated: -0.1333
            Episode_Reward/joint_acc_l2: -0.0198
        Episode_Reward/joint_pos_limits: 0.0000
          Episode_Reward/action_rate_l2: -0.4764
               Episode_Reward/foot_gait: 0.1160
          Episode_Reward/foot_clearance: -0.0452
               Episode_Reward/foot_slip: -0.0269
            Episode_Reward/soft_landing: -0.0179
             Episode_Reward/stand_still: -0.0035
        Episode_Metrics/mean_action_acc: 1.7425
             Metrics/twist/error_vel_xy: 0.7898
            Metrics/twist/error_vel_yaw: 0.7781
           Episode_Termination/time_out: 0.3750
          Episode_Termination/fell_over: 0.0000
    Episode_Termination/illegal_contact: 1.1250
          Metrics/angular_momentum_mean: 0.2935
             Metrics/slip_velocity_mean: 0.1624
             Metrics/landing_force_mean: 71.2444
--------------------------------------------------------------------------------
                         Iteration time: 1.40s
                           Time elapsed: 00:00:37
                                    ETA: 00:01:42

################################################################################
[1m                           Learning iteration 27/100                            [0m 

                               Run name: benchmark4096-seed42
                            Total steps: 2752512 
                       Steps per second: 76599 
                        Collection time: 1.031s 
                          Learning time: 0.253s 
                        Mean value loss: 0.0121
                    Mean surrogate loss: -0.0083
                      Mean entropy loss: 13.8761
                            Mean reward: -1.78
                    Mean episode length: 373.18
                        Mean action std: 0.77
   Episode_Reward/track_linear_velocity: 0.2015
  Episode_Reward/track_angular_velocity: 0.1882
     Episode_Reward/body_orientation_l2: -0.0111
                    Episode_Reward/pose: 0.3082
            Episode_Reward/body_ang_vel: -0.0459
        Episode_Reward/angular_momentum: -0.0015
           Episode_Reward/is_terminated: -0.1583
            Episode_Reward/joint_acc_l2: -0.0158
        Episode_Reward/joint_pos_limits: 0.0000
          Episode_Reward/action_rate_l2: -0.3952
               Episode_Reward/foot_gait: 0.1092
          Episode_Reward/foot_clearance: -0.0387
               Episode_Reward/foot_slip: -0.0279
            Episode_Reward/soft_landing: -0.0146
             Episode_Reward/stand_still: 0.0000
        Episode_Metrics/mean_action_acc: 1.6950
             Metrics/twist/error_vel_xy: 0.4309
            Metrics/twist/error_vel_yaw: 0.6006
           Episode_Termination/time_out: 0.2083
          Episode_Termination/fell_over: 0.0000
    Episode_Termination/illegal_contact: 0.7917
          Metrics/angular_momentum_mean: 0.2907
             Metrics/slip_velocity_mean: 0.1610
             Metrics/landing_force_mean: 70.9089
--------------------------------------------------------------------------------
                         Iteration time: 1.28s
                           Time elapsed: 00:00:39
                                    ETA: 00:01:40

################################################################################
[1m                           Learning iteration 28/100                            [0m 

                               Run name: benchmark4096-seed42
                            Total steps: 2850816 
                       Steps per second: 80420 
                        Collection time: 1.014s 
                          Learning time: 0.208s 
                        Mean value loss: 0.0117
                    Mean surrogate loss: -0.0078
                      Mean entropy loss: 13.7491
                            Mean reward: -1.68
                    Mean episode length: 378.64
                        Mean action std: 0.76
   Episode_Reward/track_linear_velocity: 0.3080
  Episode_Reward/track_angular_velocity: 0.2625
     Episode_Reward/body_orientation_l2: -0.0095
                    Episode_Reward/pose: 0.4957
            Episode_Reward/body_ang_vel: -0.0914
        Episode_Reward/angular_momentum: -0.0026
           Episode_Reward/is_terminated: 0.0000
            Episode_Reward/joint_acc_l2: -0.0340
        Episode_Reward/joint_pos_limits: 0.0000
          Episode_Reward/action_rate_l2: -0.7319
               Episode_Reward/foot_gait: 0.1796
          Episode_Reward/foot_clearance: -0.0765
               Episode_Reward/foot_slip: -0.0626
            Episode_Reward/soft_landing: -0.0355
             Episode_Reward/stand_still: 0.0000
        Episode_Metrics/mean_action_acc: 1.8306
             Metrics/twist/error_vel_xy: 0.7000
            Metrics/twist/error_vel_yaw: 1.1615
           Episode_Termination/time_out: 1.0000
          Episode_Termination/fell_over: 0.0000
    Episode_Termination/illegal_contact: 0.0000
          Metrics/angular_momentum_mean: 0.2903
             Metrics/slip_velocity_mean: 0.1583
             Metrics/landing_force_mean: 70.7615
--------------------------------------------------------------------------------
                         Iteration time: 1.22s
                           Time elapsed: 00:00:40
                                    ETA: 00:01:39

################################################################################
[1m                           Learning iteration 29/100                            [0m 

                               Run name: benchmark4096-seed42
                            Total steps: 2949120 
                       Steps per second: 85744 
                        Collection time: 0.977s 
                          Learning time: 0.169s 
                        Mean value loss: 0.0113
                    Mean surrogate loss: -0.0082
                      Mean entropy loss: 13.6154
                            Mean reward: -1.61
                    Mean episode length: 384.53
                        Mean action std: 0.75
   Episode_Reward/track_linear_velocity: 0.2316
  Episode_Reward/track_angular_velocity: 0.2712
     Episode_Reward/body_orientation_l2: -0.0111
                    Episode_Reward/pose: 0.5387
            Episode_Reward/body_ang_vel: -0.0862
        Episode_Reward/angular_momentum: -0.0026
           Episode_Reward/is_terminated: 0.0000
            Episode_Reward/joint_acc_l2: -0.0267
        Episode_Reward/joint_pos_limits: 0.0000
          Episode_Reward/action_rate_l2: -0.7533
               Episode_Reward/foot_gait: 0.1837
          Episode_Reward/foot_clearance: -0.0628
               Episode_Reward/foot_slip: -0.0409
            Episode_Reward/soft_landing: -0.0219
             Episode_Reward/stand_still: 0.0000
        Episode_Metrics/mean_action_acc: 1.8338
             Metrics/twist/error_vel_xy: 0.9019
            Metrics/twist/error_vel_yaw: 1.2344
           Episode_Termination/time_out: 1.0000
          Episode_Termination/fell_over: 0.0000
    Episode_Termination/illegal_contact: 0.0000
          Metrics/angular_momentum_mean: 0.2906
             Metrics/slip_velocity_mean: 0.1554
             Metrics/landing_force_mean: 70.1707
--------------------------------------------------------------------------------
                         Iteration time: 1.15s
                           Time elapsed: 00:00:41
                                    ETA: 00:01:37

################################################################################
[1m                           Learning iteration 30/100                            [0m 

                               Run name: benchmark4096-seed42
                            Total steps: 3047424 
                       Steps per second: 86715 
                        Collection time: 0.906s 
                          Learning time: 0.228s 
                        Mean value loss: 0.0108
                    Mean surrogate loss: -0.0091
                      Mean entropy loss: 13.4963
                            Mean reward: -1.52
                    Mean episode length: 390.83
                        Mean action std: 0.75
   Episode_Reward/track_linear_velocity: 0.2428
  Episode_Reward/track_angular_velocity: 0.3463
     Episode_Reward/body_orientation_l2: -0.0121
                    Episode_Reward/pose: 0.5538
            Episode_Reward/body_ang_vel: -0.0891
        Episode_Reward/angular_momentum: -0.0028
           Episode_Reward/is_terminated: 0.0000
            Episode_Reward/joint_acc_l2: -0.0370
        Episode_Reward/joint_pos_limits: 0.0000
          Episode_Reward/action_rate_l2: -0.7486
               Episode_Reward/foot_gait: 0.1880
          Episode_Reward/foot_clearance: -0.0858
               Episode_Reward/foot_slip: -0.0578
            Episode_Reward/soft_landing: -0.0437
             Episode_Reward/stand_still: 0.0000
        Episode_Metrics/mean_action_acc: 1.8000
             Metrics/twist/error_vel_xy: 0.9466
            Metrics/twist/error_vel_yaw: 1.0073
           Episode_Termination/time_out: 1.0000
          Episode_Termination/fell_over: 0.0000
    Episode_Termination/illegal_contact: 0.0000
          Metrics/angular_momentum_mean: 0.2886
             Metrics/slip_velocity_mean: 0.1532
             Metrics/landing_force_mean: 69.1617
--------------------------------------------------------------------------------
                         Iteration time: 1.13s
                           Time elapsed: 00:00:42
                                    ETA: 00:01:35

################################################################################
[1m                           Learning iteration 31/100                            [0m 

                               Run name: benchmark4096-seed42
                            Total steps: 3145728 
                       Steps per second: 87419 
                        Collection time: 0.909s 
                          Learning time: 0.215s 
                        Mean value loss: 0.0115
                    Mean surrogate loss: -0.0097
                      Mean entropy loss: 13.3531
                            Mean reward: -1.33
                    Mean episode length: 402.22
                        Mean action std: 0.74
   Episode_Reward/track_linear_velocity: 0.3212
  Episode_Reward/track_angular_velocity: 0.3782
     Episode_Reward/body_orientation_l2: -0.0121
                    Episode_Reward/pose: 0.4749
            Episode_Reward/body_ang_vel: -0.0781
        Episode_Reward/angular_momentum: -0.0029
           Episode_Reward/is_terminated: 0.0000
            Episode_Reward/joint_acc_l2: -0.0389
        Episode_Reward/joint_pos_limits: 0.0000
          Episode_Reward/action_rate_l2: -0.7711
               Episode_Reward/foot_gait: 0.1699
          Episode_Reward/foot_clearance: -0.0854
               Episode_Reward/foot_slip: -0.0807
            Episode_Reward/soft_landing: -0.0450
             Episode_Reward/stand_still: -0.0304
        Episode_Metrics/mean_action_acc: 1.7825
             Metrics/twist/error_vel_xy: 0.8292
            Metrics/twist/error_vel_yaw: 0.9976
           Episode_Termination/time_out: 1.0000
          Episode_Termination/fell_over: 0.0000
    Episode_Termination/illegal_contact: 0.0000
          Metrics/angular_momentum_mean: 0.2870
             Metrics/slip_velocity_mean: 0.1542
             Metrics/landing_force_mean: 68.7543
--------------------------------------------------------------------------------
                         Iteration time: 1.12s
                           Time elapsed: 00:00:43
                                    ETA: 00:01:33

################################################################################
[1m                           Learning iteration 32/100                            [0m 

                               Run name: benchmark4096-seed42
                            Total steps: 3244032 
                       Steps per second: 86070 
                        Collection time: 0.921s 
                          Learning time: 0.221s 
                        Mean value loss: 0.0106
                    Mean surrogate loss: -0.0100
                      Mean entropy loss: 13.2226
                            Mean reward: -1.24
                    Mean episode length: 405.94
                        Mean action std: 0.73
   Episode_Reward/track_linear_velocity: 0.2812
  Episode_Reward/track_angular_velocity: 0.3343
     Episode_Reward/body_orientation_l2: -0.0110
                    Episode_Reward/pose: 0.6040
            Episode_Reward/body_ang_vel: -0.0970
        Episode_Reward/angular_momentum: -0.0035
           Episode_Reward/is_terminated: 0.0000
            Episode_Reward/joint_acc_l2: -0.0358
        Episode_Reward/joint_pos_limits: 0.0000
          Episode_Reward/action_rate_l2: -0.7583
               Episode_Reward/foot_gait: 0.2005
          Episode_Reward/foot_clearance: -0.0869
               Episode_Reward/foot_slip: -0.0546
            Episode_Reward/soft_landing: -0.0419
             Episode_Reward/stand_still: 0.0000
        Episode_Metrics/mean_action_acc: 1.7473
             Metrics/twist/error_vel_xy: 1.5849
            Metrics/twist/error_vel_yaw: 1.2585
           Episode_Termination/time_out: 1.0000
          Episode_Termination/fell_over: 0.0000
    Episode_Termination/illegal_contact: 0.0000
          Metrics/angular_momentum_mean: 0.2900
             Metrics/slip_velocity_mean: 0.1508
             Metrics/landing_force_mean: 68.5589
--------------------------------------------------------------------------------
                         Iteration time: 1.14s
                           Time elapsed: 00:00:45
                                    ETA: 00:01:31

################################################################################
[1m                           Learning iteration 33/100                            [0m 

                               Run name: benchmark4096-seed42
                            Total steps: 3342336 
                       Steps per second: 74775 
                        Collection time: 1.009s 
                          Learning time: 0.305s 
                        Mean value loss: 0.0167
                    Mean surrogate loss: -0.0060
                      Mean entropy loss: 13.1515
                            Mean reward: -0.89
                    Mean episode length: 423.21
                        Mean action std: 0.72
   Episode_Reward/track_linear_velocity: 0.2969
  Episode_Reward/track_angular_velocity: 0.3159
     Episode_Reward/body_orientation_l2: -0.0089
                    Episode_Reward/pose: 0.4839
            Episode_Reward/body_ang_vel: -0.0628
        Episode_Reward/angular_momentum: -0.0023
           Episode_Reward/is_terminated: -0.1833
            Episode_Reward/joint_acc_l2: -0.0229
        Episode_Reward/joint_pos_limits: 0.0000
          Episode_Reward/action_rate_l2: -0.6113
               Episode_Reward/foot_gait: 0.1643
          Episode_Reward/foot_clearance: -0.0555
               Episode_Reward/foot_slip: -0.0333
            Episode_Reward/soft_landing: -0.0215
             Episode_Reward/stand_still: -0.0077
        Episode_Metrics/mean_action_acc: 1.6922
             Metrics/twist/error_vel_xy: 0.7722
            Metrics/twist/error_vel_yaw: 0.9715
           Episode_Termination/time_out: 0.0833
          Episode_Termination/fell_over: 0.0000
    Episode_Termination/illegal_contact: 0.9167
          Metrics/angular_momentum_mean: 0.2901
             Metrics/slip_velocity_mean: 0.1527
             Metrics/landing_force_mean: 68.4318
--------------------------------------------------------------------------------
                         Iteration time: 1.31s
                           Time elapsed: 00:00:46
                                    ETA: 00:01:29

################################################################################
[1m                           Learning iteration 34/100                            [0m 

                               Run name: benchmark4096-seed42
                            Total steps: 3440640 
                       Steps per second: 82407 
                        Collection time: 0.969s 
                          Learning time: 0.224s 
                        Mean value loss: 0.0190
                    Mean surrogate loss: -0.0072
                      Mean entropy loss: 12.9896
                            Mean reward: -0.40
                    Mean episode length: 446.47
                        Mean action std: 0.71
   Episode_Reward/track_linear_velocity: 0.2220
  Episode_Reward/track_angular_velocity: 0.2906
     Episode_Reward/body_orientation_l2: -0.0127
                    Episode_Reward/pose: 0.4664
            Episode_Reward/body_ang_vel: -0.0601
        Episode_Reward/angular_momentum: -0.0021
           Episode_Reward/is_terminated: -0.2000
            Episode_Reward/joint_acc_l2: -0.0217
        Episode_Reward/joint_pos_limits: 0.0000
          Episode_Reward/action_rate_l2: -0.5531
               Episode_Reward/foot_gait: 0.1637
          Episode_Reward/foot_clearance: -0.0534
               Episode_Reward/foot_slip: -0.0349
            Episode_Reward/soft_landing: -0.0214
             Episode_Reward/stand_still: -0.0013
        Episode_Metrics/mean_action_acc: 1.6515
             Metrics/twist/error_vel_xy: 0.7782
            Metrics/twist/error_vel_yaw: 0.9153
           Episode_Termination/time_out: 0.0000
          Episode_Termination/fell_over: 0.5833
    Episode_Termination/illegal_contact: 0.9583
          Metrics/angular_momentum_mean: 0.2927
             Metrics/slip_velocity_mean: 0.1528
             Metrics/landing_force_mean: 68.6155
--------------------------------------------------------------------------------
                         Iteration time: 1.19s
                           Time elapsed: 00:00:47
                                    ETA: 00:01:28

################################################################################
[1m                           Learning iteration 35/100                            [0m 

                               Run name: benchmark4096-seed42
                            Total steps: 3538944 
                       Steps per second: 71766 
                        Collection time: 1.155s 
                          Learning time: 0.215s 
                        Mean value loss: 0.0304
                    Mean surrogate loss: -0.0066
                      Mean entropy loss: 12.9247
                            Mean reward: 1.05
                    Mean episode length: 517.20
                        Mean action std: 0.71
   Episode_Reward/track_linear_velocity: 0.2274
  Episode_Reward/track_angular_velocity: 0.3529
     Episode_Reward/body_orientation_l2: -0.0159
                    Episode_Reward/pose: 0.5267
            Episode_Reward/body_ang_vel: -0.0695
        Episode_Reward/angular_momentum: -0.0025
           Episode_Reward/is_terminated: -0.1833
            Episode_Reward/joint_acc_l2: -0.0255
        Episode_Reward/joint_pos_limits: 0.0000
          Episode_Reward/action_rate_l2: -0.6293
               Episode_Reward/foot_gait: 0.1797
          Episode_Reward/foot_clearance: -0.0630
               Episode_Reward/foot_slip: -0.0369
            Episode_Reward/soft_landing: -0.0256
             Episode_Reward/stand_still: -0.0056
        Episode_Metrics/mean_action_acc: 1.6639
             Metrics/twist/error_vel_xy: 0.9180
            Metrics/twist/error_vel_yaw: 0.9172
           Episode_Termination/time_out: 0.1667
          Episode_Termination/fell_over: 0.7500
    Episode_Termination/illegal_contact: 0.7500
          Metrics/angular_momentum_mean: 0.2924
             Metrics/slip_velocity_mean: 0.1505
             Metrics/landing_force_mean: 67.5911
--------------------------------------------------------------------------------
                         Iteration time: 1.37s
                           Time elapsed: 00:00:48
                                    ETA: 00:01:26

################################################################################
[1m                           Learning iteration 36/100                            [0m 

                               Run name: benchmark4096-seed42
                            Total steps: 3637248 
                       Steps per second: 75079 
                        Collection time: 1.076s 
                          Learning time: 0.233s 
                        Mean value loss: 0.0216
                    Mean surrogate loss: -0.0077
                      Mean entropy loss: 12.7991
                            Mean reward: 2.84
                    Mean episode length: 597.05
                        Mean action std: 0.70
   Episode_Reward/track_linear_velocity: 0.2752
  Episode_Reward/track_angular_velocity: 0.3016
     Episode_Reward/body_orientation_l2: -0.0153
                    Episode_Reward/pose: 0.4920
            Episode_Reward/body_ang_vel: -0.0624
        Episode_Reward/angular_momentum: -0.0022
           Episode_Reward/is_terminated: -0.1958
            Episode_Reward/joint_acc_l2: -0.0210
        Episode_Reward/joint_pos_limits: 0.0000
          Episode_Reward/action_rate_l2: -0.5690
               Episode_Reward/foot_gait: 0.1742
          Episode_Reward/foot_clearance: -0.0550
               Episode_Reward/foot_slip: -0.0323
            Episode_Reward/soft_landing: -0.0199
             Episode_Reward/stand_still: -0.0025
        Episode_Metrics/mean_action_acc: 1.6241
             Metrics/twist/error_vel_xy: 0.7373
            Metrics/twist/error_vel_yaw: 0.9829
           Episode_Termination/time_out: 0.0417
          Episode_Termination/fell_over: 0.4583
    Episode_Termination/illegal_contact: 1.0833
          Metrics/angular_momentum_mean: 0.2871
             Metrics/slip_velocity_mean: 0.1466
             Metrics/landing_force_mean: 67.1776
--------------------------------------------------------------------------------
                         Iteration time: 1.31s
                           Time elapsed: 00:00:50
                                    ETA: 00:01:25

################################################################################
[1m                           Learning iteration 37/100                            [0m 

                               Run name: benchmark4096-seed42
                            Total steps: 3735552 
                       Steps per second: 80887 
                        Collection time: 0.999s 
                          Learning time: 0.216s 
                        Mean value loss: 0.0128
                    Mean surrogate loss: -0.0085
                      Mean entropy loss: 12.6714
                            Mean reward: 4.22
                    Mean episode length: 640.19
                        Mean action std: 0.69
   Episode_Reward/track_linear_velocity: 0.3038
  Episode_Reward/track_angular_velocity: 0.3929
     Episode_Reward/body_orientation_l2: -0.0151
                    Episode_Reward/pose: 0.5391
            Episode_Reward/body_ang_vel: -0.0657
        Episode_Reward/angular_momentum: -0.0023
           Episode_Reward/is_terminated: -0.1667
            Episode_Reward/joint_acc_l2: -0.0251
        Episode_Reward/joint_pos_limits: 0.0000
          Episode_Reward/action_rate_l2: -0.6363
               Episode_Reward/foot_gait: 0.1838
          Episode_Reward/foot_clearance: -0.0582
               Episode_Reward/foot_slip: -0.0348
            Episode_Reward/soft_landing: -0.0216
             Episode_Reward/stand_still: -0.0133
        Episode_Metrics/mean_action_acc: 1.6324
             Metrics/twist/error_vel_xy: 0.8166
            Metrics/twist/error_vel_yaw: 0.8935
           Episode_Termination/time_out: 0.1667
          Episode_Termination/fell_over: 0.2083
    Episode_Termination/illegal_contact: 0.9583
          Metrics/angular_momentum_mean: 0.2841
             Metrics/slip_velocity_mean: 0.1427
             Metrics/landing_force_mean: 66.1660
--------------------------------------------------------------------------------
                         Iteration time: 1.22s
                           Time elapsed: 00:00:51
                                    ETA: 00:01:23

################################################################################
[1m                           Learning iteration 38/100                            [0m 

                               Run name: benchmark4096-seed42
                            Total steps: 3833856 
                       Steps per second: 81193 
                        Collection time: 0.989s 
                          Learning time: 0.222s 
                        Mean value loss: 0.0110
                    Mean surrogate loss: -0.0089
                      Mean entropy loss: 12.5272
                            Mean reward: 4.69
                    Mean episode length: 663.18
                        Mean action std: 0.69
   Episode_Reward/track_linear_velocity: 0.3167
  Episode_Reward/track_angular_velocity: 0.3724
     Episode_Reward/body_orientation_l2: -0.0151
                    Episode_Reward/pose: 0.5721
            Episode_Reward/body_ang_vel: -0.0654
        Episode_Reward/angular_momentum: -0.0024
           Episode_Reward/is_terminated: -0.1750
            Episode_Reward/joint_acc_l2: -0.0219
        Episode_Reward/joint_pos_limits: 0.0000
          Episode_Reward/action_rate_l2: -0.6648
               Episode_Reward/foot_gait: 0.2015
          Episode_Reward/foot_clearance: -0.0567
               Episode_Reward/foot_slip: -0.0338
            Episode_Reward/soft_landing: -0.0177
             Episode_Reward/stand_still: -0.0050
        Episode_Metrics/mean_action_acc: 1.6365
             Metrics/twist/error_vel_xy: 0.8908
            Metrics/twist/error_vel_yaw: 1.0797
           Episode_Termination/time_out: 0.1250
          Episode_Termination/fell_over: 0.0417
    Episode_Termination/illegal_contact: 0.8333
          Metrics/angular_momentum_mean: 0.2806
             Metrics/slip_velocity_mean: 0.1407
             Metrics/landing_force_mean: 65.7734
--------------------------------------------------------------------------------
                         Iteration time: 1.21s
                           Time elapsed: 00:00:52
                                    ETA: 00:01:22

################################################################################
[1m                           Learning iteration 39/100                            [0m 

                               Run name: benchmark4096-seed42
                            Total steps: 3932160 
                       Steps per second: 85845 
                        Collection time: 0.921s 
                          Learning time: 0.224s 
                        Mean value loss: 0.0111
                    Mean surrogate loss: -0.0103
                      Mean entropy loss: 12.3776
                            Mean reward: 5.05
                    Mean episode length: 672.55
                        Mean action std: 0.68
   Episode_Reward/track_linear_velocity: 0.3221
  Episode_Reward/track_angular_velocity: 0.3564
     Episode_Reward/body_orientation_l2: -0.0139
                    Episode_Reward/pose: 0.5002
            Episode_Reward/body_ang_vel: -0.0605
        Episode_Reward/angular_momentum: -0.0021
           Episode_Reward/is_terminated: -0.1694
            Episode_Reward/joint_acc_l2: -0.0189
        Episode_Reward/joint_pos_limits: 0.0000
          Episode_Reward/action_rate_l2: -0.5650
               Episode_Reward/foot_gait: 0.1799
          Episode_Reward/foot_clearance: -0.0463
               Episode_Reward/foot_slip: -0.0244
            Episode_Reward/soft_landing: -0.0129
             Episode_Reward/stand_still: -0.0131
        Episode_Metrics/mean_action_acc: 1.5698
             Metrics/twist/error_vel_xy: 0.7400
            Metrics/twist/error_vel_yaw: 0.9001
           Episode_Termination/time_out: 0.4583
          Episode_Termination/fell_over: 0.4583
    Episode_Termination/illegal_contact: 1.0000
          Metrics/angular_momentum_mean: 0.2767
             Metrics/slip_velocity_mean: 0.1384
             Metrics/landing_force_mean: 64.5592
--------------------------------------------------------------------------------
                         Iteration time: 1.15s
                           Time elapsed: 00:00:53
                                    ETA: 00:01:20

################################################################################
[1m                           Learning iteration 40/100                            [0m 

                               Run name: benchmark4096-seed42
                            Total steps: 4030464 
                       Steps per second: 87356 
                        Collection time: 0.932s 
                          Learning time: 0.193s 
                        Mean value loss: 0.0105
                    Mean surrogate loss: -0.0087
                      Mean entropy loss: 12.2450
                            Mean reward: 5.29
                    Mean episode length: 678.90
                        Mean action std: 0.67
   Episode_Reward/track_linear_velocity: 0.3035
  Episode_Reward/track_angular_velocity: 0.3692
     Episode_Reward/body_orientation_l2: -0.0133
                    Episode_Reward/pose: 0.6628
            Episode_Reward/body_ang_vel: -0.0795
        Episode_Reward/angular_momentum: -0.0035
           Episode_Reward/is_terminated: -0.0583
            Episode_Reward/joint_acc_l2: -0.0250
        Episode_Reward/joint_pos_limits: 0.0000
          Episode_Reward/action_rate_l2: -0.7909
               Episode_Reward/foot_gait: 0.2389
          Episode_Reward/foot_clearance: -0.0665
               Episode_Reward/foot_slip: -0.0406
            Episode_Reward/soft_landing: -0.0193
             Episode_Reward/stand_still: 0.0000
        Episode_Metrics/mean_action_acc: 1.6570
             Metrics/twist/error_vel_xy: 1.2669
            Metrics/twist/error_vel_yaw: 1.4415
           Episode_Termination/time_out: 0.7083
          Episode_Termination/fell_over: 0.0000
    Episode_Termination/illegal_contact: 0.2917
          Metrics/angular_momentum_mean: 0.2772
             Metrics/slip_velocity_mean: 0.1368
             Metrics/landing_force_mean: 64.8804
--------------------------------------------------------------------------------
                         Iteration time: 1.13s
                           Time elapsed: 00:00:54
                                    ETA: 00:01:19

################################################################################
[1m                           Learning iteration 41/100                            [0m 

                               Run name: benchmark4096-seed42
                            Total steps: 4128768 
                       Steps per second: 85608 
                        Collection time: 0.922s 
                          Learning time: 0.226s 
                        Mean value loss: 0.0122
                    Mean surrogate loss: -0.0096
                      Mean entropy loss: 12.1236
                            Mean reward: 5.44
                    Mean episode length: 683.10
                        Mean action std: 0.66
   Episode_Reward/track_linear_velocity: 0.3634
  Episode_Reward/track_angular_velocity: 0.5688
     Episode_Reward/body_orientation_l2: -0.0124
                    Episode_Reward/pose: 0.7880
            Episode_Reward/body_ang_vel: -0.1033
        Episode_Reward/angular_momentum: -0.0040
           Episode_Reward/is_terminated: 0.0000
            Episode_Reward/joint_acc_l2: -0.0438
        Episode_Reward/joint_pos_limits: 0.0000
          Episode_Reward/action_rate_l2: -0.9244
               Episode_Reward/foot_gait: 0.2679
          Episode_Reward/foot_clearance: -0.1038
               Episode_Reward/foot_slip: -0.0658
            Episode_Reward/soft_landing: -0.0509
             Episode_Reward/stand_still: 0.0000
        Episode_Metrics/mean_action_acc: 1.6856
             Metrics/twist/error_vel_xy: 1.3376
            Metrics/twist/error_vel_yaw: 1.0591
           Episode_Termination/time_out: 1.0000
          Episode_Termination/fell_over: 0.0000
    Episode_Termination/illegal_contact: 0.0000
          Metrics/angular_momentum_mean: 0.2760
             Metrics/slip_velocity_mean: 0.1357
             Metrics/landing_force_mean: 63.6314
--------------------------------------------------------------------------------
                         Iteration time: 1.15s
                           Time elapsed: 00:00:56
                                    ETA: 00:01:17

################################################################################
[1m                           Learning iteration 42/100                            [0m 

                               Run name: benchmark4096-seed42
                            Total steps: 4227072 
                       Steps per second: 78013 
                        Collection time: 1.037s 
                          Learning time: 0.223s 
                        Mean value loss: 0.0122
                    Mean surrogate loss: -0.0089
                      Mean entropy loss: 11.9978
                            Mean reward: 12.11
                    Mean episode length: 970.32
                        Mean action std: 0.66
   Episode_Reward/track_linear_velocity: 0.3240
  Episode_Reward/track_angular_velocity: 0.5259
     Episode_Reward/body_orientation_l2: -0.0131
                    Episode_Reward/pose: 0.7534
            Episode_Reward/body_ang_vel: -0.0966
        Episode_Reward/angular_momentum: -0.0037
           Episode_Reward/is_terminated: 0.0000
            Episode_Reward/joint_acc_l2: -0.0416
        Episode_Reward/joint_pos_limits: 0.0000
          Episode_Reward/action_rate_l2: -0.8941
               Episode_Reward/foot_gait: 0.2581
          Episode_Reward/foot_clearance: -0.0982
               Episode_Reward/foot_slip: -0.0655
            Episode_Reward/soft_landing: -0.0483
             Episode_Reward/stand_still: -0.0104
        Episode_Metrics/mean_action_acc: 1.6448
             Metrics/twist/error_vel_xy: 1.3694
            Metrics/twist/error_vel_yaw: 1.3019
           Episode_Termination/time_out: 4.2500
          Episode_Termination/fell_over: 0.0000
    Episode_Termination/illegal_contact: 0.0000
          Metrics/angular_momentum_mean: 0.2747
             Metrics/slip_velocity_mean: 0.1329
             Metrics/landing_force_mean: 63.8319
--------------------------------------------------------------------------------
                         Iteration time: 1.26s
                           Time elapsed: 00:00:57
                                    ETA: 00:01:15

################################################################################
[1m                           Learning iteration 43/100                            [0m 

                               Run name: benchmark4096-seed42
                            Total steps: 4325376 
                       Steps per second: 73690 
                        Collection time: 1.112s 
                          Learning time: 0.222s 
                        Mean value loss: 0.0110
                    Mean surrogate loss: -0.0083
                      Mean entropy loss: 11.8480
                            Mean reward: 13.49
                    Mean episode length: 1000.00
                        Mean action std: 0.65
   Episode_Reward/track_linear_velocity: 0.3765
  Episode_Reward/track_angular_velocity: 0.5119
     Episode_Reward/body_orientation_l2: -0.0134
                    Episode_Reward/pose: 0.7541
            Episode_Reward/body_ang_vel: -0.0932
        Episode_Reward/angular_momentum: -0.0036
           Episode_Reward/is_terminated: -0.0010
            Episode_Reward/joint_acc_l2: -0.0398
        Episode_Reward/joint_pos_limits: 0.0000
          Episode_Reward/action_rate_l2: -0.8815
               Episode_Reward/foot_gait: 0.2609
          Episode_Reward/foot_clearance: -0.0968
               Episode_Reward/foot_slip: -0.0648
            Episode_Reward/soft_landing: -0.0470
             Episode_Reward/stand_still: -0.0104
        Episode_Metrics/mean_action_acc: 1.6341
             Metrics/twist/error_vel_xy: 1.2618
            Metrics/twist/error_vel_yaw: 1.3711
           Episode_Termination/time_out: 8.0833
          Episode_Termination/fell_over: 0.0000
    Episode_Termination/illegal_contact: 0.0417
          Metrics/angular_momentum_mean: 0.2754
             Metrics/slip_velocity_mean: 0.1329
             Metrics/landing_force_mean: 63.8379
--------------------------------------------------------------------------------
                         Iteration time: 1.33s
                           Time elapsed: 00:00:58
                                    ETA: 00:01:14

################################################################################
[1m                           Learning iteration 44/100                            [0m 

                               Run name: benchmark4096-seed42
                            Total steps: 4423680 
                       Steps per second: 73052 
                        Collection time: 1.114s 
                          Learning time: 0.231s 
                        Mean value loss: 0.0139
                    Mean surrogate loss: -0.0083
                      Mean entropy loss: 11.7324
                            Mean reward: 14.57
                    Mean episode length: 1000.00
                        Mean action std: 0.64
   Episode_Reward/track_linear_velocity: 0.3815
  Episode_Reward/track_angular_velocity: 0.5284
     Episode_Reward/body_orientation_l2: -0.0126
                    Episode_Reward/pose: 0.7623
            Episode_Reward/body_ang_vel: -0.0916
        Episode_Reward/angular_momentum: -0.0035
           Episode_Reward/is_terminated: -0.0024
            Episode_Reward/joint_acc_l2: -0.0388
        Episode_Reward/joint_pos_limits: 0.0000
          Episode_Reward/action_rate_l2: -0.8615
               Episode_Reward/foot_gait: 0.2617
          Episode_Reward/foot_clearance: -0.0957
               Episode_Reward/foot_slip: -0.0633
            Episode_Reward/soft_landing: -0.0465
             Episode_Reward/stand_still: -0.0088
        Episode_Metrics/mean_action_acc: 1.6144
             Metrics/twist/error_vel_xy: 1.2565
            Metrics/twist/error_vel_yaw: 1.3178
           Episode_Termination/time_out: 13.2083
          Episode_Termination/fell_over: 0.0000
    Episode_Termination/illegal_contact: 0.1667
          Metrics/angular_momentum_mean: 0.2777
             Metrics/slip_velocity_mean: 0.1337
             Metrics/landing_force_mean: 63.5069
--------------------------------------------------------------------------------
                         Iteration time: 1.35s
                           Time elapsed: 00:00:59
                                    ETA: 00:01:13

################################################################################
[1m                           Learning iteration 45/100                            [0m 

                               Run name: benchmark4096-seed42
                            Total steps: 4521984 
                       Steps per second: 75075 
                        Collection time: 1.090s 
                          Learning time: 0.220s 
                        Mean value loss: 0.0262
                    Mean surrogate loss: -0.0074
                      Mean entropy loss: 11.6593
                            Mean reward: 16.03
                    Mean episode length: 994.71
                        Mean action std: 0.64
   Episode_Reward/track_linear_velocity: 0.3911
  Episode_Reward/track_angular_velocity: 0.5299
     Episode_Reward/body_orientation_l2: -0.0118
                    Episode_Reward/pose: 0.7605
            Episode_Reward/body_ang_vel: -0.0875
        Episode_Reward/angular_momentum: -0.0033
           Episode_Reward/is_terminated: -0.0038
            Episode_Reward/joint_acc_l2: -0.0370
        Episode_Reward/joint_pos_limits: 0.0000
          Episode_Reward/action_rate_l2: -0.8407
               Episode_Reward/foot_gait: 0.2619
          Episode_Reward/foot_clearance: -0.0916
               Episode_Reward/foot_slip: -0.0606
            Episode_Reward/soft_landing: -0.0434
             Episode_Reward/stand_still: -0.0092
        Episode_Metrics/mean_action_acc: 1.5944
             Metrics/twist/error_vel_xy: 1.2229
            Metrics/twist/error_vel_yaw: 1.3103
           Episode_Termination/time_out: 18.9583
          Episode_Termination/fell_over: 0.0000
    Episode_Termination/illegal_contact: 0.3750
          Metrics/angular_momentum_mean: 0.2822
             Metrics/slip_velocity_mean: 0.1350
             Metrics/landing_force_mean: 63.2511
--------------------------------------------------------------------------------
                         Iteration time: 1.31s
                           Time elapsed: 00:01:01
                                    ETA: 00:01:11

################################################################################
[1m                           Learning iteration 46/100                            [0m 

                               Run name: benchmark4096-seed42
                            Total steps: 4620288 
                       Steps per second: 75243 
                        Collection time: 1.082s 
                          Learning time: 0.224s 
                        Mean value loss: 0.0273
                    Mean surrogate loss: -0.0077
                      Mean entropy loss: 11.6271
                            Mean reward: 16.02
                    Mean episode length: 992.46
                        Mean action std: 0.64
   Episode_Reward/track_linear_velocity: 0.3834
  Episode_Reward/track_angular_velocity: 0.5344
     Episode_Reward/body_orientation_l2: -0.0118
                    Episode_Reward/pose: 0.7601
            Episode_Reward/body_ang_vel: -0.0846
        Episode_Reward/angular_momentum: -0.0032
           Episode_Reward/is_terminated: -0.0087
            Episode_Reward/joint_acc_l2: -0.0345
        Episode_Reward/joint_pos_limits: 0.0000
          Episode_Reward/action_rate_l2: -0.8177
               Episode_Reward/foot_gait: 0.2619
          Episode_Reward/foot_clearance: -0.0863
               Episode_Reward/foot_slip: -0.0549
            Episode_Reward/soft_landing: -0.0391
             Episode_Reward/stand_still: -0.0098
        Episode_Metrics/mean_action_acc: 1.5735
             Metrics/twist/error_vel_xy: 1.2370
            Metrics/twist/error_vel_yaw: 1.2879
           Episode_Termination/time_out: 20.3750
          Episode_Termination/fell_over: 0.2917
    Episode_Termination/illegal_contact: 0.7500
          Metrics/angular_momentum_mean: 0.2915
             Metrics/slip_velocity_mean: 0.1364
             Metrics/landing_force_mean: 63.3728
--------------------------------------------------------------------------------
                         Iteration time: 1.31s
                           Time elapsed: 00:01:02
                                    ETA: 00:01:10

################################################################################
[1m                           Learning iteration 47/100                            [0m 

                               Run name: benchmark4096-seed42
                            Total steps: 4718592 
                       Steps per second: 76892 
                        Collection time: 1.096s 
                          Learning time: 0.183s 
                        Mean value loss: 0.0281
                    Mean surrogate loss: -0.0076
                      Mean entropy loss: 11.5764
                            Mean reward: 16.28
                    Mean episode length: 977.69
                        Mean action std: 0.63
   Episode_Reward/track_linear_velocity: 0.3701
  Episode_Reward/track_angular_velocity: 0.5292
     Episode_Reward/body_orientation_l2: -0.0115
                    Episode_Reward/pose: 0.7486
            Episode_Reward/body_ang_vel: -0.0791
        Episode_Reward/angular_momentum: -0.0031
           Episode_Reward/is_terminated: -0.0137
            Episode_Reward/joint_acc_l2: -0.0324
        Episode_Reward/joint_pos_limits: 0.0000
          Episode_Reward/action_rate_l2: -0.7816
               Episode_Reward/foot_gait: 0.2589
          Episode_Reward/foot_clearance: -0.0827
               Episode_Reward/foot_slip: -0.0514
            Episode_Reward/soft_landing: -0.0364
             Episode_Reward/stand_still: -0.0078
        Episode_Metrics/mean_action_acc: 1.5467
             Metrics/twist/error_vel_xy: 1.2280
            Metrics/twist/error_vel_yaw: 1.2495
           Episode_Termination/time_out: 15.2083
          Episode_Termination/fell_over: 0.1667
    Episode_Termination/illegal_contact: 1.0833
          Metrics/angular_momentum_mean: 0.2911
             Metrics/slip_velocity_mean: 0.1340
             Metrics/landing_force_mean: 63.0072
--------------------------------------------------------------------------------
                         Iteration time: 1.28s
                           Time elapsed: 00:01:03
                                    ETA: 00:01:09

################################################################################
[1m                           Learning iteration 48/100                            [0m 

                               Run name: benchmark4096-seed42
                            Total steps: 4816896 
                       Steps per second: 72881 
                        Collection time: 1.125s 
                          Learning time: 0.224s 
                        Mean value loss: 0.0142
                    Mean surrogate loss: -0.0073
                      Mean entropy loss: 11.4939
                            Mean reward: 17.26
                    Mean episode length: 966.50
                        Mean action std: 0.63
   Episode_Reward/track_linear_velocity: 0.3614
  Episode_Reward/track_angular_velocity: 0.5414
     Episode_Reward/body_orientation_l2: -0.0117
                    Episode_Reward/pose: 0.7619
            Episode_Reward/body_ang_vel: -0.0767
        Episode_Reward/angular_momentum: -0.0030
           Episode_Reward/is_terminated: -0.0143
            Episode_Reward/joint_acc_l2: -0.0300
        Episode_Reward/joint_pos_limits: 0.0000
          Episode_Reward/action_rate_l2: -0.7679
               Episode_Reward/foot_gait: 0.2652
          Episode_Reward/foot_clearance: -0.0785
               Episode_Reward/foot_slip: -0.0470
            Episode_Reward/soft_landing: -0.0321
             Episode_Reward/stand_still: -0.0075
        Episode_Metrics/mean_action_acc: 1.5273
             Metrics/twist/error_vel_xy: 1.2621
            Metrics/twist/error_vel_yaw: 1.2366
           Episode_Termination/time_out: 11.4167
          Episode_Termination/fell_over: 0.3333
    Episode_Termination/illegal_contact: 0.7500
          Metrics/angular_momentum_mean: 0.2898
             Metrics/slip_velocity_mean: 0.1307
             Metrics/landing_force_mean: 62.9200
--------------------------------------------------------------------------------
                         Iteration time: 1.35s
                           Time elapsed: 00:01:05
                                    ETA: 00:01:07

################################################################################
[1m                           Learning iteration 49/100                            [0m 

                               Run name: benchmark4096-seed42
                            Total steps: 4915200 
                       Steps per second: 73511 
                        Collection time: 1.098s 
                          Learning time: 0.240s 
                        Mean value loss: 0.0079
                    Mean surrogate loss: -0.0088
                      Mean entropy loss: 11.3471
                            Mean reward: 18.49
                    Mean episode length: 988.26
                        Mean action std: 0.62
   Episode_Reward/track_linear_velocity: 0.3760
  Episode_Reward/track_angular_velocity: 0.5576
     Episode_Reward/body_orientation_l2: -0.0111
                    Episode_Reward/pose: 0.7735
            Episode_Reward/body_ang_vel: -0.0765
        Episode_Reward/angular_momentum: -0.0030
           Episode_Reward/is_terminated: -0.0076
            Episode_Reward/joint_acc_l2: -0.0301
        Episode_Reward/joint_pos_limits: 0.0000
          Episode_Reward/action_rate_l2: -0.7627
               Episode_Reward/foot_gait: 0.2682
          Episode_Reward/foot_clearance: -0.0789
               Episode_Reward/foot_slip: -0.0463
            Episode_Reward/soft_landing: -0.0327
             Episode_Reward/stand_still: -0.0074
        Episode_Metrics/mean_action_acc: 1.5155
             Metrics/twist/error_vel_xy: 1.2457
            Metrics/twist/error_vel_yaw: 1.2243
           Episode_Termination/time_out: 6.2500
          Episode_Termination/fell_over: 0.0000
    Episode_Termination/illegal_contact: 0.3333
          Metrics/angular_momentum_mean: 0.2831
             Metrics/slip_velocity_mean: 0.1276
             Metrics/landing_force_mean: 62.6425
--------------------------------------------------------------------------------
                         Iteration time: 1.34s
                           Time elapsed: 00:01:06
                                    ETA: 00:01:06

################################################################################
[1m                           Learning iteration 50/100                            [0m 

                               Run name: benchmark4096-seed42
                            Total steps: 5013504 
                       Steps per second: 73975 
                        Collection time: 1.102s 
                          Learning time: 0.226s 
                        Mean value loss: 0.0068
                    Mean surrogate loss: -0.0099
                      Mean entropy loss: 11.1969
                            Mean reward: 18.71
                    Mean episode length: 991.85
                        Mean action std: 0.61
   Episode_Reward/track_linear_velocity: 0.3653
  Episode_Reward/track_angular_velocity: 0.5618
     Episode_Reward/body_orientation_l2: -0.0122
                    Episode_Reward/pose: 0.7634
            Episode_Reward/body_ang_vel: -0.0724
        Episode_Reward/angular_momentum: -0.0029
           Episode_Reward/is_terminated: -0.0056
            Episode_Reward/joint_acc_l2: -0.0306
        Episode_Reward/joint_pos_limits: 0.0000
          Episode_Reward/action_rate_l2: -0.7356
               Episode_Reward/foot_gait: 0.2678
          Episode_Reward/foot_clearance: -0.0820
               Episode_Reward/foot_slip: -0.0512
            Episode_Reward/soft_landing: -0.0357
             Episode_Reward/stand_still: -0.0058
        Episode_Metrics/mean_action_acc: 1.4932
             Metrics/twist/error_vel_xy: 1.2447
            Metrics/twist/error_vel_yaw: 1.1778
           Episode_Termination/time_out: 4.8333
          Episode_Termination/fell_over: 0.0833
    Episode_Termination/illegal_contact: 0.0417
          Metrics/angular_momentum_mean: 0.2753
             Metrics/slip_velocity_mean: 0.1245
             Metrics/landing_force_mean: 62.1570
--------------------------------------------------------------------------------
                         Iteration time: 1.33s
                           Time elapsed: 00:01:07
                                    ETA: 00:01:05

################################################################################
[1m                           Learning iteration 51/100                            [0m 

                               Run name: benchmark4096-seed42
                            Total steps: 5111808 
                       Steps per second: 75820 
                        Collection time: 1.066s 
                          Learning time: 0.231s 
                        Mean value loss: 0.0072
                    Mean surrogate loss: -0.0094
                      Mean entropy loss: 11.0734
                            Mean reward: 19.93
                    Mean episode length: 1000.00
                        Mean action std: 0.61
   Episode_Reward/track_linear_velocity: 0.3729
  Episode_Reward/track_angular_velocity: 0.5920
     Episode_Reward/body_orientation_l2: -0.0120
                    Episode_Reward/pose: 0.7823
            Episode_Reward/body_ang_vel: -0.0717
        Episode_Reward/angular_momentum: -0.0030
           Episode_Reward/is_terminated: 0.0000
            Episode_Reward/joint_acc_l2: -0.0300
        Episode_Reward/joint_pos_limits: 0.0000
          Episode_Reward/action_rate_l2: -0.7360
               Episode_Reward/foot_gait: 0.2744
          Episode_Reward/foot_clearance: -0.0813
               Episode_Reward/foot_slip: -0.0497
            Episode_Reward/soft_landing: -0.0352
             Episode_Reward/stand_still: -0.0078
        Episode_Metrics/mean_action_acc: 1.4807
             Metrics/twist/error_vel_xy: 1.2940
            Metrics/twist/error_vel_yaw: 1.1488
           Episode_Termination/time_out: 8.8333
          Episode_Termination/fell_over: 0.0000
    Episode_Termination/illegal_contact: 0.0000
          Metrics/angular_momentum_mean: 0.2680
             Metrics/slip_velocity_mean: 0.1226
             Metrics/landing_force_mean: 61.9483
--------------------------------------------------------------------------------
                         Iteration time: 1.30s
                           Time elapsed: 00:01:09
                                    ETA: 00:01:03

################################################################################
[1m                           Learning iteration 52/100                            [0m 

                               Run name: benchmark4096-seed42
                            Total steps: 5210112 
                       Steps per second: 74971 
                        Collection time: 1.082s 
                          Learning time: 0.229s 
                        Mean value loss: 0.0072
                    Mean surrogate loss: -0.0108
                      Mean entropy loss: 10.9012
                            Mean reward: 21.67
                    Mean episode length: 1000.00
                        Mean action std: 0.60
   Episode_Reward/track_linear_velocity: 0.3923
  Episode_Reward/track_angular_velocity: 0.5997
     Episode_Reward/body_orientation_l2: -0.0111
                    Episode_Reward/pose: 0.7900
            Episode_Reward/body_ang_vel: -0.0698
        Episode_Reward/angular_momentum: -0.0029
           Episode_Reward/is_terminated: 0.0000
            Episode_Reward/joint_acc_l2: -0.0291
        Episode_Reward/joint_pos_limits: 0.0000
          Episode_Reward/action_rate_l2: -0.7172
               Episode_Reward/foot_gait: 0.2752
          Episode_Reward/foot_clearance: -0.0799
               Episode_Reward/foot_slip: -0.0483
            Episode_Reward/soft_landing: -0.0344
             Episode_Reward/stand_still: -0.0066
        Episode_Metrics/mean_action_acc: 1.4617
             Metrics/twist/error_vel_xy: 1.2446
            Metrics/twist/error_vel_yaw: 1.1325
           Episode_Termination/time_out: 11.0833
          Episode_Termination/fell_over: 0.0000
    Episode_Termination/illegal_contact: 0.0000
          Metrics/angular_momentum_mean: 0.2649
             Metrics/slip_velocity_mean: 0.1199
             Metrics/landing_force_mean: 61.8963
--------------------------------------------------------------------------------
                         Iteration time: 1.31s
                           Time elapsed: 00:01:10
                                    ETA: 00:01:02

################################################################################
[1m                           Learning iteration 53/100                            [0m 

                               Run name: benchmark4096-seed42
                            Total steps: 5308416 
                       Steps per second: 73995 
                        Collection time: 1.100s 
                          Learning time: 0.228s 
                        Mean value loss: 0.0082
                    Mean surrogate loss: -0.0090
                      Mean entropy loss: 10.7499
                            Mean reward: 22.74
                    Mean episode length: 1000.00
                        Mean action std: 0.59
   Episode_Reward/track_linear_velocity: 0.3943
  Episode_Reward/track_angular_velocity: 0.6075
     Episode_Reward/body_orientation_l2: -0.0110
                    Episode_Reward/pose: 0.7981
            Episode_Reward/body_ang_vel: -0.0683
        Episode_Reward/angular_momentum: -0.0028
           Episode_Reward/is_terminated: 0.0000
            Episode_Reward/joint_acc_l2: -0.0283
        Episode_Reward/joint_pos_limits: 0.0000
          Episode_Reward/action_rate_l2: -0.6968
               Episode_Reward/foot_gait: 0.2780
          Episode_Reward/foot_clearance: -0.0789
               Episode_Reward/foot_slip: -0.0464
            Episode_Reward/soft_landing: -0.0341
             Episode_Reward/stand_still: -0.0063
        Episode_Metrics/mean_action_acc: 1.4402
             Metrics/twist/error_vel_xy: 1.2467
            Metrics/twist/error_vel_yaw: 1.1098
           Episode_Termination/time_out: 12.9583
          Episode_Termination/fell_over: 0.0000
    Episode_Termination/illegal_contact: 0.0000
          Metrics/angular_momentum_mean: 0.2614
             Metrics/slip_velocity_mean: 0.1182
             Metrics/landing_force_mean: 61.2829
--------------------------------------------------------------------------------
                         Iteration time: 1.33s
                           Time elapsed: 00:01:11
                                    ETA: 00:01:01

################################################################################
[1m                           Learning iteration 54/100                            [0m 

                               Run name: benchmark4096-seed42
                            Total steps: 5406720 
                       Steps per second: 73182 
                        Collection time: 1.108s 
                          Learning time: 0.236s 
                        Mean value loss: 0.0075
                    Mean surrogate loss: -0.0099
                      Mean entropy loss: 10.6061
                            Mean reward: 24.01
                    Mean episode length: 1000.00
                        Mean action std: 0.58
   Episode_Reward/track_linear_velocity: 0.3972
  Episode_Reward/track_angular_velocity: 0.6247
     Episode_Reward/body_orientation_l2: -0.0106
                    Episode_Reward/pose: 0.8023
            Episode_Reward/body_ang_vel: -0.0653
        Episode_Reward/angular_momentum: -0.0027
           Episode_Reward/is_terminated: -0.0004
            Episode_Reward/joint_acc_l2: -0.0265
        Episode_Reward/joint_pos_limits: 0.0000
          Episode_Reward/action_rate_l2: -0.6765
               Episode_Reward/foot_gait: 0.2791
          Episode_Reward/foot_clearance: -0.0749
               Episode_Reward/foot_slip: -0.0425
            Episode_Reward/soft_landing: -0.0310
             Episode_Reward/stand_still: -0.0062
        Episode_Metrics/mean_action_acc: 1.4195
             Metrics/twist/error_vel_xy: 1.2271
            Metrics/twist/error_vel_yaw: 1.0547
           Episode_Termination/time_out: 13.6250
          Episode_Termination/fell_over: 0.0000
    Episode_Termination/illegal_contact: 0.0417
          Metrics/angular_momentum_mean: 0.2660
             Metrics/slip_velocity_mean: 0.1181
             Metrics/landing_force_mean: 61.3984
--------------------------------------------------------------------------------
                         Iteration time: 1.34s
                           Time elapsed: 00:01:13
                                    ETA: 00:00:59

################################################################################
[1m                           Learning iteration 55/100                            [0m 

                               Run name: benchmark4096-seed42
                            Total steps: 5505024 
                       Steps per second: 72406 
                        Collection time: 1.145s 
                          Learning time: 0.213s 
                        Mean value loss: 0.0104
                    Mean surrogate loss: -0.0072
                      Mean entropy loss: 10.4864
                            Mean reward: 24.11
                    Mean episode length: 1000.00
                        Mean action std: 0.58
   Episode_Reward/track_linear_velocity: 0.4064
  Episode_Reward/track_angular_velocity: 0.6319
     Episode_Reward/body_orientation_l2: -0.0102
                    Episode_Reward/pose: 0.8018
            Episode_Reward/body_ang_vel: -0.0631
        Episode_Reward/angular_momentum: -0.0027
           Episode_Reward/is_terminated: 0.0000
            Episode_Reward/joint_acc_l2: -0.0256
        Episode_Reward/joint_pos_limits: 0.0000
          Episode_Reward/action_rate_l2: -0.6616
               Episode_Reward/foot_gait: 0.2783
          Episode_Reward/foot_clearance: -0.0724
               Episode_Reward/foot_slip: -0.0404
            Episode_Reward/soft_landing: -0.0292
             Episode_Reward/stand_still: -0.0081
        Episode_Metrics/mean_action_acc: 1.4027
             Metrics/twist/error_vel_xy: 1.2241
            Metrics/twist/error_vel_yaw: 1.0446
           Episode_Termination/time_out: 7.4167
          Episode_Termination/fell_over: 0.0000
    Episode_Termination/illegal_contact: 0.0000
          Metrics/angular_momentum_mean: 0.2696
             Metrics/slip_velocity_mean: 0.1175
             Metrics/landing_force_mean: 60.8778
--------------------------------------------------------------------------------
                         Iteration time: 1.36s
                           Time elapsed: 00:01:14
                                    ETA: 00:00:58

################################################################################
[1m                           Learning iteration 56/100                            [0m 

                               Run name: benchmark4096-seed42
                            Total steps: 5603328 
                       Steps per second: 74328 
                        Collection time: 1.135s 
                          Learning time: 0.188s 
                        Mean value loss: 0.0162
                    Mean surrogate loss: -0.0069
                      Mean entropy loss: 10.4097
                            Mean reward: 24.54
                    Mean episode length: 978.50
                        Mean action std: 0.58
   Episode_Reward/track_linear_velocity: 0.3664
  Episode_Reward/track_angular_velocity: 0.6414
     Episode_Reward/body_orientation_l2: -0.0099
                    Episode_Reward/pose: 0.8049
            Episode_Reward/body_ang_vel: -0.0592
        Episode_Reward/angular_momentum: -0.0025
           Episode_Reward/is_terminated: -0.0067
            Episode_Reward/joint_acc_l2: -0.0219
        Episode_Reward/joint_pos_limits: 0.0000
          Episode_Reward/action_rate_l2: -0.6250
               Episode_Reward/foot_gait: 0.2815
          Episode_Reward/foot_clearance: -0.0658
               Episode_Reward/foot_slip: -0.0341
            Episode_Reward/soft_landing: -0.0234
             Episode_Reward/stand_still: -0.0043
        Episode_Metrics/mean_action_acc: 1.3731
             Metrics/twist/error_vel_xy: 1.2506
            Metrics/twist/error_vel_yaw: 0.9495
           Episode_Termination/time_out: 2.9167
          Episode_Termination/fell_over: 0.0417
    Episode_Termination/illegal_contact: 0.0833
          Metrics/angular_momentum_mean: 0.2675
             Metrics/slip_velocity_mean: 0.1186
             Metrics/landing_force_mean: 60.2774
--------------------------------------------------------------------------------
                         Iteration time: 1.32s
                           Time elapsed: 00:01:15
                                    ETA: 00:00:57

################################################################################
[1m                           Learning iteration 57/100                            [0m 

                               Run name: benchmark4096-seed42
                            Total steps: 5701632 
                       Steps per second: 77532 
                        Collection time: 1.101s 
                          Learning time: 0.167s 
                        Mean value loss: 0.0298
                    Mean surrogate loss: -0.0077
                      Mean entropy loss: 10.3791
                            Mean reward: 22.19
                    Mean episode length: 876.21
                        Mean action std: 0.58
   Episode_Reward/track_linear_velocity: 0.3501
  Episode_Reward/track_angular_velocity: 0.5076
     Episode_Reward/body_orientation_l2: -0.0098
                    Episode_Reward/pose: 0.6382
            Episode_Reward/body_ang_vel: -0.0438
        Episode_Reward/angular_momentum: -0.0019
           Episode_Reward/is_terminated: -0.0533
            Episode_Reward/joint_acc_l2: -0.0161
        Episode_Reward/joint_pos_limits: 0.0000
          Episode_Reward/action_rate_l2: -0.4722
               Episode_Reward/foot_gait: 0.2231
          Episode_Reward/foot_clearance: -0.0507
               Episode_Reward/foot_slip: -0.0249
            Episode_Reward/soft_landing: -0.0158
             Episode_Reward/stand_still: -0.0018
        Episode_Metrics/mean_action_acc: 1.2923
             Metrics/twist/error_vel_xy: 0.8239
            Metrics/twist/error_vel_yaw: 0.7353
           Episode_Termination/time_out: 1.3333
          Episode_Termination/fell_over: 0.2083
    Episode_Termination/illegal_contact: 0.4583
          Metrics/angular_momentum_mean: 0.2674
             Metrics/slip_velocity_mean: 0.1197
             Metrics/landing_force_mean: 60.6272
--------------------------------------------------------------------------------
                         Iteration time: 1.27s
                           Time elapsed: 00:01:17
                                    ETA: 00:00:55

################################################################################
[1m                           Learning iteration 58/100                            [0m 

                               Run name: benchmark4096-seed42
                            Total steps: 5799936 
                       Steps per second: 69354 
                        Collection time: 1.106s 
                          Learning time: 0.311s 
                        Mean value loss: 0.0298
                    Mean surrogate loss: -0.0084
                      Mean entropy loss: 10.3723
                            Mean reward: 17.18
                    Mean episode length: 696.39
                        Mean action std: 0.58
   Episode_Reward/track_linear_velocity: 0.1662
  Episode_Reward/track_angular_velocity: 0.3054
     Episode_Reward/body_orientation_l2: -0.0090
                    Episode_Reward/pose: 0.3448
            Episode_Reward/body_ang_vel: -0.0257
        Episode_Reward/angular_momentum: -0.0012
           Episode_Reward/is_terminated: -0.1379
            Episode_Reward/joint_acc_l2: -0.0088
        Episode_Reward/joint_pos_limits: 0.0000
          Episode_Reward/action_rate_l2: -0.2378
               Episode_Reward/foot_gait: 0.1190
          Episode_Reward/foot_clearance: -0.0284
               Episode_Reward/foot_slip: -0.0126
            Episode_Reward/soft_landing: -0.0088
             Episode_Reward/stand_still: -0.0037
        Episode_Metrics/mean_action_acc: 1.1703
             Metrics/twist/error_vel_xy: 0.5565
            Metrics/twist/error_vel_yaw: 0.3493
           Episode_Termination/time_out: 0.5417
          Episode_Termination/fell_over: 0.4583
    Episode_Termination/illegal_contact: 0.8750
          Metrics/angular_momentum_mean: 0.2632
             Metrics/slip_velocity_mean: 0.1182
             Metrics/landing_force_mean: 60.3149
--------------------------------------------------------------------------------
                         Iteration time: 1.42s
                           Time elapsed: 00:01:18
                                    ETA: 00:00:54

################################################################################
[1m                           Learning iteration 59/100                            [0m 

                               Run name: benchmark4096-seed42
                            Total steps: 5898240 
                       Steps per second: 72310 
                        Collection time: 1.185s 
                          Learning time: 0.174s 
                        Mean value loss: 0.0317
                    Mean surrogate loss: -0.0066
                      Mean entropy loss: 10.3669
                            Mean reward: 12.98
                    Mean episode length: 542.97
                        Mean action std: 0.58
   Episode_Reward/track_linear_velocity: 0.1416
  Episode_Reward/track_angular_velocity: 0.2579
     Episode_Reward/body_orientation_l2: -0.0078
                    Episode_Reward/pose: 0.2788
            Episode_Reward/body_ang_vel: -0.0202
        Episode_Reward/angular_momentum: -0.0009
           Episode_Reward/is_terminated: -0.1681
            Episode_Reward/joint_acc_l2: -0.0065
        Episode_Reward/joint_pos_limits: 0.0000
          Episode_Reward/action_rate_l2: -0.1790
               Episode_Reward/foot_gait: 0.0998
          Episode_Reward/foot_clearance: -0.0216
               Episode_Reward/foot_slip: -0.0088
            Episode_Reward/soft_landing: -0.0060
             Episode_Reward/stand_still: -0.0045
        Episode_Metrics/mean_action_acc: 1.1439
             Metrics/twist/error_vel_xy: 0.4461
            Metrics/twist/error_vel_yaw: 0.2628
           Episode_Termination/time_out: 0.2500
          Episode_Termination/fell_over: 0.3750
    Episode_Termination/illegal_contact: 1.2083
          Metrics/angular_momentum_mean: 0.2574
             Metrics/slip_velocity_mean: 0.1147
             Metrics/landing_force_mean: 60.0403
--------------------------------------------------------------------------------
                         Iteration time: 1.36s
                           Time elapsed: 00:01:19
                                    ETA: 00:00:53

################################################################################
[1m                           Learning iteration 60/100                            [0m 

                               Run name: benchmark4096-seed42
                            Total steps: 5996544 
                       Steps per second: 71218 
                        Collection time: 1.190s 
                          Learning time: 0.191s 
                        Mean value loss: 0.0178
                    Mean surrogate loss: -0.0078
                      Mean entropy loss: 10.3475
                            Mean reward: 9.91
                    Mean episode length: 440.98
                        Mean action std: 0.57
   Episode_Reward/track_linear_velocity: 0.1605
  Episode_Reward/track_angular_velocity: 0.2500
     Episode_Reward/body_orientation_l2: -0.0089
                    Episode_Reward/pose: 0.2726
            Episode_Reward/body_ang_vel: -0.0205
        Episode_Reward/angular_momentum: -0.0010
           Episode_Reward/is_terminated: -0.1750
            Episode_Reward/joint_acc_l2: -0.0073
        Episode_Reward/joint_pos_limits: 0.0000
          Episode_Reward/action_rate_l2: -0.1639
               Episode_Reward/foot_gait: 0.0948
          Episode_Reward/foot_clearance: -0.0243
               Episode_Reward/foot_slip: -0.0109
            Episode_Reward/soft_landing: -0.0104
             Episode_Reward/stand_still: -0.0041
        Episode_Metrics/mean_action_acc: 1.1312
             Metrics/twist/error_vel_xy: 0.3685
            Metrics/twist/error_vel_yaw: 0.2520
           Episode_Termination/time_out: 0.1250
          Episode_Termination/fell_over: 0.4583
    Episode_Termination/illegal_contact: 1.0417
          Metrics/angular_momentum_mean: 0.2538
             Metrics/slip_velocity_mean: 0.1137
             Metrics/landing_force_mean: 60.6060
--------------------------------------------------------------------------------
                         Iteration time: 1.38s
                           Time elapsed: 00:01:21
                                    ETA: 00:00:51

################################################################################
[1m                           Learning iteration 61/100                            [0m 

                               Run name: benchmark4096-seed42
                            Total steps: 6094848 
                       Steps per second: 69294 
                        Collection time: 1.142s 
                          Learning time: 0.277s 
                        Mean value loss: 0.0107
                    Mean surrogate loss: -0.0091
                      Mean entropy loss: 10.2459
                            Mean reward: 9.10
                    Mean episode length: 410.92
                        Mean action std: 0.57
   Episode_Reward/track_linear_velocity: 0.2178
  Episode_Reward/track_angular_velocity: 0.3379
     Episode_Reward/body_orientation_l2: -0.0099
                    Episode_Reward/pose: 0.3916
            Episode_Reward/body_ang_vel: -0.0249
        Episode_Reward/angular_momentum: -0.0012
           Episode_Reward/is_terminated: -0.1500
            Episode_Reward/joint_acc_l2: -0.0084
        Episode_Reward/joint_pos_limits: 0.0000
          Episode_Reward/action_rate_l2: -0.2285
               Episode_Reward/foot_gait: 0.1425
          Episode_Reward/foot_clearance: -0.0301
               Episode_Reward/foot_slip: -0.0135
            Episode_Reward/soft_landing: -0.0090
             Episode_Reward/stand_still: -0.0005
        Episode_Metrics/mean_action_acc: 1.1465
             Metrics/twist/error_vel_xy: 0.4987
            Metrics/twist/error_vel_yaw: 0.3572
           Episode_Termination/time_out: 0.2500
          Episode_Termination/fell_over: 0.3750
    Episode_Termination/illegal_contact: 0.6667
          Metrics/angular_momentum_mean: 0.2529
             Metrics/slip_velocity_mean: 0.1123
             Metrics/landing_force_mean: 60.1257
--------------------------------------------------------------------------------
                         Iteration time: 1.42s
                           Time elapsed: 00:01:22
                                    ETA: 00:00:50

################################################################################
[1m                           Learning iteration 62/100                            [0m 

                               Run name: benchmark4096-seed42
                            Total steps: 6193152 
                       Steps per second: 73821 
                        Collection time: 1.025s 
                          Learning time: 0.307s 
                        Mean value loss: 0.0081
                    Mean surrogate loss: -0.0093
                      Mean entropy loss: 10.1282
                            Mean reward: 9.20
                    Mean episode length: 414.05
                        Mean action std: 0.56
   Episode_Reward/track_linear_velocity: 0.2271
  Episode_Reward/track_angular_velocity: 0.3655
     Episode_Reward/body_orientation_l2: -0.0123
                    Episode_Reward/pose: 0.3965
            Episode_Reward/body_ang_vel: -0.0261
        Episode_Reward/angular_momentum: -0.0011
           Episode_Reward/is_terminated: -0.1333
            Episode_Reward/joint_acc_l2: -0.0085
        Episode_Reward/joint_pos_limits: 0.0000
          Episode_Reward/action_rate_l2: -0.2485
               Episode_Reward/foot_gait: 0.1371
          Episode_Reward/foot_clearance: -0.0274
               Episode_Reward/foot_slip: -0.0108
            Episode_Reward/soft_landing: -0.0071
             Episode_Reward/stand_still: -0.0086
        Episode_Metrics/mean_action_acc: 1.1281
             Metrics/twist/error_vel_xy: 0.5692
            Metrics/twist/error_vel_yaw: 0.4219
           Episode_Termination/time_out: 0.3333
          Episode_Termination/fell_over: 0.3333
    Episode_Termination/illegal_contact: 0.3333
          Metrics/angular_momentum_mean: 0.2534
             Metrics/slip_velocity_mean: 0.1115
             Metrics/landing_force_mean: 59.9824
--------------------------------------------------------------------------------
                         Iteration time: 1.33s
                           Time elapsed: 00:01:24
                                    ETA: 00:00:49

################################################################################
[1m                           Learning iteration 63/100                            [0m 

                               Run name: benchmark4096-seed42
                            Total steps: 6291456 
                       Steps per second: 72882 
                        Collection time: 1.066s 
                          Learning time: 0.283s 
                        Mean value loss: 0.0084
                    Mean surrogate loss: -0.0093
                      Mean entropy loss: 10.0085
                            Mean reward: 9.50
                    Mean episode length: 421.61
                        Mean action std: 0.56
   Episode_Reward/track_linear_velocity: 0.5060
  Episode_Reward/track_angular_velocity: 0.6217
     Episode_Reward/body_orientation_l2: -0.0123
                    Episode_Reward/pose: 0.8284
            Episode_Reward/body_ang_vel: -0.0473
        Episode_Reward/angular_momentum: -0.0024
           Episode_Reward/is_terminated: 0.0000
            Episode_Reward/joint_acc_l2: -0.0154
        Episode_Reward/joint_pos_limits: 0.0000
          Episode_Reward/action_rate_l2: -0.5268
               Episode_Reward/foot_gait: 0.3038
          Episode_Reward/foot_clearance: -0.0587
               Episode_Reward/foot_slip: -0.0270
            Episode_Reward/soft_landing: -0.0101
             Episode_Reward/stand_still: 0.0000
        Episode_Metrics/mean_action_acc: 1.2453
             Metrics/twist/error_vel_xy: 0.9862
            Metrics/twist/error_vel_yaw: 1.1373
           Episode_Termination/time_out: 1.0000
          Episode_Termination/fell_over: 0.0000
    Episode_Termination/illegal_contact: 0.0000
          Metrics/angular_momentum_mean: 0.2500
             Metrics/slip_velocity_mean: 0.1105
             Metrics/landing_force_mean: 60.0729
--------------------------------------------------------------------------------
                         Iteration time: 1.35s
                           Time elapsed: 00:01:25
                                    ETA: 00:00:48

################################################################################
[1m                           Learning iteration 64/100                            [0m 

                               Run name: benchmark4096-seed42
                            Total steps: 6389760 
                       Steps per second: 67317 
                        Collection time: 1.174s 
                          Learning time: 0.287s 
                        Mean value loss: 0.0085
                    Mean surrogate loss: -0.0089
                      Mean entropy loss: 9.8782
                            Mean reward: 11.21
                    Mean episode length: 462.15
                        Mean action std: 0.55
   Episode_Reward/track_linear_velocity: 0.4302
  Episode_Reward/track_angular_velocity: 0.7070
     Episode_Reward/body_orientation_l2: -0.0082
                    Episode_Reward/pose: 0.8277
            Episode_Reward/body_ang_vel: -0.0499
        Episode_Reward/angular_momentum: -0.0022
           Episode_Reward/is_terminated: 0.0000
            Episode_Reward/joint_acc_l2: -0.0188
        Episode_Reward/joint_pos_limits: 0.0000
          Episode_Reward/action_rate_l2: -0.5289
               Episode_Reward/foot_gait: 0.2935
          Episode_Reward/foot_clearance: -0.0610
               Episode_Reward/foot_slip: -0.0285
            Episode_Reward/soft_landing: -0.0208
             Episode_Reward/stand_still: -0.0054
        Episode_Metrics/mean_action_acc: 1.2509
             Metrics/twist/error_vel_xy: 1.1617
            Metrics/twist/error_vel_yaw: 0.8439
           Episode_Termination/time_out: 1.2500
          Episode_Termination/fell_over: 0.0000
    Episode_Termination/illegal_contact: 0.0000
          Metrics/angular_momentum_mean: 0.2503
             Metrics/slip_velocity_mean: 0.1082
             Metrics/landing_force_mean: 59.0281
--------------------------------------------------------------------------------
                         Iteration time: 1.46s
                           Time elapsed: 00:01:26
                                    ETA: 00:00:46

################################################################################
[1m                           Learning iteration 65/100                            [0m 

                               Run name: benchmark4096-seed42
                            Total steps: 6488064 
                       Steps per second: 69352 
                        Collection time: 1.194s 
                          Learning time: 0.224s 
                        Mean value loss: 0.0079
                    Mean surrogate loss: -0.0081
                      Mean entropy loss: 9.7803
                            Mean reward: 16.39
                    Mean episode length: 604.43
                        Mean action std: 0.55
   Episode_Reward/track_linear_velocity: 0.4190
  Episode_Reward/track_angular_velocity: 0.7140
     Episode_Reward/body_orientation_l2: -0.0084
                    Episode_Reward/pose: 0.8056
            Episode_Reward/body_ang_vel: -0.0466
        Episode_Reward/angular_momentum: -0.0021
           Episode_Reward/is_terminated: -0.0083
            Episode_Reward/joint_acc_l2: -0.0187
        Episode_Reward/joint_pos_limits: 0.0000
          Episode_Reward/action_rate_l2: -0.5070
               Episode_Reward/foot_gait: 0.2740
          Episode_Reward/foot_clearance: -0.0589
               Episode_Reward/foot_slip: -0.0274
            Episode_Reward/soft_landing: -0.0204
             Episode_Reward/stand_still: -0.0080
        Episode_Metrics/mean_action_acc: 1.2361
             Metrics/twist/error_vel_xy: 1.1429
            Metrics/twist/error_vel_yaw: 0.7617
           Episode_Termination/time_out: 1.3333
          Episode_Termination/fell_over: 0.1250
    Episode_Termination/illegal_contact: 0.1250
          Metrics/angular_momentum_mean: 0.2490
             Metrics/slip_velocity_mean: 0.1078
             Metrics/landing_force_mean: 59.1516
--------------------------------------------------------------------------------
                         Iteration time: 1.42s
                           Time elapsed: 00:01:28
                                    ETA: 00:00:45

################################################################################
[1m                           Learning iteration 66/100                            [0m 

                               Run name: benchmark4096-seed42
                            Total steps: 6586368 
                       Steps per second: 73946 
                        Collection time: 1.129s 
                          Learning time: 0.200s 
                        Mean value loss: 0.0107
                    Mean surrogate loss: -0.0064
                      Mean entropy loss: 9.6844
                            Mean reward: 21.04
                    Mean episode length: 725.31
                        Mean action std: 0.54
   Episode_Reward/track_linear_velocity: 0.4371
  Episode_Reward/track_angular_velocity: 0.7630
     Episode_Reward/body_orientation_l2: -0.0086
                    Episode_Reward/pose: 0.8084
            Episode_Reward/body_ang_vel: -0.0466
        Episode_Reward/angular_momentum: -0.0022
           Episode_Reward/is_terminated: -0.0042
            Episode_Reward/joint_acc_l2: -0.0204
        Episode_Reward/joint_pos_limits: 0.0000
          Episode_Reward/action_rate_l2: -0.5057
               Episode_Reward/foot_gait: 0.2732
          Episode_Reward/foot_clearance: -0.0613
               Episode_Reward/foot_slip: -0.0287
            Episode_Reward/soft_landing: -0.0238
             Episode_Reward/stand_still: -0.0124
        Episode_Metrics/mean_action_acc: 1.2288
             Metrics/twist/error_vel_xy: 1.1470
            Metrics/twist/error_vel_yaw: 0.6532
           Episode_Termination/time_out: 1.5000
          Episode_Termination/fell_over: 0.0000
    Episode_Termination/illegal_contact: 0.0417
          Metrics/angular_momentum_mean: 0.2478
             Metrics/slip_velocity_mean: 0.1072
             Metrics/landing_force_mean: 59.2964
--------------------------------------------------------------------------------
                         Iteration time: 1.33s
                           Time elapsed: 00:01:29
                                    ETA: 00:00:44

################################################################################
[1m                           Learning iteration 67/100                            [0m 

                               Run name: benchmark4096-seed42
                            Total steps: 6684672 
                       Steps per second: 71998 
                        Collection time: 1.127s 
                          Learning time: 0.238s 
                        Mean value loss: 0.0213
                    Mean surrogate loss: -0.0072
                      Mean entropy loss: 9.6100
                            Mean reward: 23.06
                    Mean episode length: 775.26
                        Mean action std: 0.54
   Episode_Reward/track_linear_velocity: 0.3385
  Episode_Reward/track_angular_velocity: 0.6319
     Episode_Reward/body_orientation_l2: -0.0089
                    Episode_Reward/pose: 0.7494
            Episode_Reward/body_ang_vel: -0.0412
        Episode_Reward/angular_momentum: -0.0020
           Episode_Reward/is_terminated: -0.0333
            Episode_Reward/joint_acc_l2: -0.0162
        Episode_Reward/joint_pos_limits: 0.0000
          Episode_Reward/action_rate_l2: -0.4294
               Episode_Reward/foot_gait: 0.2737
          Episode_Reward/foot_clearance: -0.0583
               Episode_Reward/foot_slip: -0.0253
            Episode_Reward/soft_landing: -0.0194
             Episode_Reward/stand_still: 0.0000
        Episode_Metrics/mean_action_acc: 1.1819
             Metrics/twist/error_vel_xy: 1.1230
            Metrics/twist/error_vel_yaw: 0.7017
           Episode_Termination/time_out: 1.3750
          Episode_Termination/fell_over: 0.0833
    Episode_Termination/illegal_contact: 0.1667
          Metrics/angular_momentum_mean: 0.2483
             Metrics/slip_velocity_mean: 0.1076
             Metrics/landing_force_mean: 58.2389
--------------------------------------------------------------------------------
                         Iteration time: 1.37s
                           Time elapsed: 00:01:30
                                    ETA: 00:00:42

################################################################################
[1m                           Learning iteration 68/100                            [0m 

                               Run name: benchmark4096-seed42
                            Total steps: 6782976 
                       Steps per second: 75424 
                        Collection time: 1.128s 
                          Learning time: 0.175s 
                        Mean value loss: 0.0367
                    Mean surrogate loss: -0.0045
                      Mean entropy loss: 9.6108
                            Mean reward: 24.90
                    Mean episode length: 819.97
                        Mean action std: 0.54
   Episode_Reward/track_linear_velocity: 0.2840
  Episode_Reward/track_angular_velocity: 0.5332
     Episode_Reward/body_orientation_l2: -0.0120
                    Episode_Reward/pose: 0.5963
            Episode_Reward/body_ang_vel: -0.0340
        Episode_Reward/angular_momentum: -0.0018
           Episode_Reward/is_terminated: -0.1500
            Episode_Reward/joint_acc_l2: -0.0118
        Episode_Reward/joint_pos_limits: 0.0000
          Episode_Reward/action_rate_l2: -0.3180
               Episode_Reward/foot_gait: 0.2211
          Episode_Reward/foot_clearance: -0.0443
               Episode_Reward/foot_slip: -0.0175
            Episode_Reward/soft_landing: -0.0128
             Episode_Reward/stand_still: 0.0000
        Episode_Metrics/mean_action_acc: 1.1379
             Metrics/twist/error_vel_xy: 0.8450
            Metrics/twist/error_vel_yaw: 0.4535
           Episode_Termination/time_out: 0.4583
          Episode_Termination/fell_over: 0.6250
    Episode_Termination/illegal_contact: 0.7917
          Metrics/angular_momentum_mean: 0.2488
             Metrics/slip_velocity_mean: 0.1094
             Metrics/landing_force_mean: 59.1272
--------------------------------------------------------------------------------
                         Iteration time: 1.30s
                           Time elapsed: 00:01:32
                                    ETA: 00:00:41

################################################################################
[1m                           Learning iteration 69/100                            [0m 

                               Run name: benchmark4096-seed42
                            Total steps: 6881280 
                       Steps per second: 69457 
                        Collection time: 1.194s 
                          Learning time: 0.221s 
                        Mean value loss: 0.0300
                    Mean surrogate loss: -0.0068
                      Mean entropy loss: 9.6138
                            Mean reward: 24.63
                    Mean episode length: 807.45
                        Mean action std: 0.54
   Episode_Reward/track_linear_velocity: 0.2285
  Episode_Reward/track_angular_velocity: 0.4099
     Episode_Reward/body_orientation_l2: -0.0091
                    Episode_Reward/pose: 0.4425
            Episode_Reward/body_ang_vel: -0.0255
        Episode_Reward/angular_momentum: -0.0017
           Episode_Reward/is_terminated: -0.1750
            Episode_Reward/joint_acc_l2: -0.0108
        Episode_Reward/joint_pos_limits: 0.0000
          Episode_Reward/action_rate_l2: -0.2156
               Episode_Reward/foot_gait: 0.1675
          Episode_Reward/foot_clearance: -0.0401
               Episode_Reward/foot_slip: -0.0185
            Episode_Reward/soft_landing: -0.0154
             Episode_Reward/stand_still: 0.0000
        Episode_Metrics/mean_action_acc: 1.0834
             Metrics/twist/error_vel_xy: 0.5879
            Metrics/twist/error_vel_yaw: 0.2994
           Episode_Termination/time_out: 0.1250
          Episode_Termination/fell_over: 0.5417
    Episode_Termination/illegal_contact: 1.0000
          Metrics/angular_momentum_mean: 0.2513
             Metrics/slip_velocity_mean: 0.1103
             Metrics/landing_force_mean: 58.7592
--------------------------------------------------------------------------------
                         Iteration time: 1.42s
                           Time elapsed: 00:01:33
                                    ETA: 00:00:40

################################################################################
[1m                           Learning iteration 70/100                            [0m 

                               Run name: benchmark4096-seed42
                            Total steps: 6979584 
                       Steps per second: 74060 
                        Collection time: 1.128s 
                          Learning time: 0.200s 
                        Mean value loss: 0.0178
                    Mean surrogate loss: -0.0065
                      Mean entropy loss: 9.6065
                            Mean reward: 21.80
                    Mean episode length: 721.76
                        Mean action std: 0.54
   Episode_Reward/track_linear_velocity: 0.2231
  Episode_Reward/track_angular_velocity: 0.4328
     Episode_Reward/body_orientation_l2: -0.0105
                    Episode_Reward/pose: 0.4605
            Episode_Reward/body_ang_vel: -0.0285
        Episode_Reward/angular_momentum: -0.0014
           Episode_Reward/is_terminated: -0.1983
            Episode_Reward/joint_acc_l2: -0.0091
        Episode_Reward/joint_pos_limits: 0.0000
          Episode_Reward/action_rate_l2: -0.2192
               Episode_Reward/foot_gait: 0.1707
          Episode_Reward/foot_clearance: -0.0350
               Episode_Reward/foot_slip: -0.0138
            Episode_Reward/soft_landing: -0.0104
             Episode_Reward/stand_still: -0.0014
        Episode_Metrics/mean_action_acc: 1.0826
             Metrics/twist/error_vel_xy: 0.6518
            Metrics/twist/error_vel_yaw: 0.2996
           Episode_Termination/time_out: 0.0417
          Episode_Termination/fell_over: 0.6667
    Episode_Termination/illegal_contact: 1.1250
          Metrics/angular_momentum_mean: 0.2511
             Metrics/slip_velocity_mean: 0.1098
             Metrics/landing_force_mean: 58.9645
--------------------------------------------------------------------------------
                         Iteration time: 1.33s
                           Time elapsed: 00:01:35
                                    ETA: 00:00:38

################################################################################
[1m                           Learning iteration 71/100                            [0m 

                               Run name: benchmark4096-seed42
                            Total steps: 7077888 
                       Steps per second: 71011 
                        Collection time: 1.119s 
                          Learning time: 0.266s 
                        Mean value loss: 0.0150
                    Mean surrogate loss: -0.0075
                      Mean entropy loss: 9.5729
                            Mean reward: 19.92
                    Mean episode length: 662.17
                        Mean action std: 0.54
   Episode_Reward/track_linear_velocity: 0.2028
  Episode_Reward/track_angular_velocity: 0.4624
     Episode_Reward/body_orientation_l2: -0.0106
                    Episode_Reward/pose: 0.4846
            Episode_Reward/body_ang_vel: -0.0260
        Episode_Reward/angular_momentum: -0.0012
           Episode_Reward/is_terminated: -0.1639
            Episode_Reward/joint_acc_l2: -0.0092
        Episode_Reward/joint_pos_limits: 0.0000
          Episode_Reward/action_rate_l2: -0.2333
               Episode_Reward/foot_gait: 0.1762
          Episode_Reward/foot_clearance: -0.0356
               Episode_Reward/foot_slip: -0.0140
            Episode_Reward/soft_landing: -0.0109
             Episode_Reward/stand_still: -0.0013
        Episode_Metrics/mean_action_acc: 1.0772
             Metrics/twist/error_vel_xy: 0.7622
            Metrics/twist/error_vel_yaw: 0.3005
           Episode_Termination/time_out: 0.2083
          Episode_Termination/fell_over: 0.5417
    Episode_Termination/illegal_contact: 0.7917
          Metrics/angular_momentum_mean: 0.2483
             Metrics/slip_velocity_mean: 0.1069
             Metrics/landing_force_mean: 58.9409
--------------------------------------------------------------------------------
                         Iteration time: 1.38s
                           Time elapsed: 00:01:36
                                    ETA: 00:00:37

################################################################################
[1m                           Learning iteration 72/100                            [0m 

                               Run name: benchmark4096-seed42
                            Total steps: 7176192 
                       Steps per second: 74692 
                        Collection time: 1.136s 
                          Learning time: 0.180s 
                        Mean value loss: 0.0161
                    Mean surrogate loss: -0.0045
                      Mean entropy loss: 9.5265
                            Mean reward: 18.15
                    Mean episode length: 607.15
                        Mean action std: 0.54
   Episode_Reward/track_linear_velocity: 0.2441
  Episode_Reward/track_angular_velocity: 0.4932
     Episode_Reward/body_orientation_l2: -0.0109
                    Episode_Reward/pose: 0.5076
            Episode_Reward/body_ang_vel: -0.0251
        Episode_Reward/angular_momentum: -0.0013
           Episode_Reward/is_terminated: -0.1750
            Episode_Reward/joint_acc_l2: -0.0092
        Episode_Reward/joint_pos_limits: 0.0000
          Episode_Reward/action_rate_l2: -0.2432
               Episode_Reward/foot_gait: 0.1894
          Episode_Reward/foot_clearance: -0.0365
               Episode_Reward/foot_slip: -0.0142
            Episode_Reward/soft_landing: -0.0096
             Episode_Reward/stand_still: -0.0027
        Episode_Metrics/mean_action_acc: 1.0775
             Metrics/twist/error_vel_xy: 0.7217
            Metrics/twist/error_vel_yaw: 0.3363
           Episode_Termination/time_out: 0.1250
          Episode_Termination/fell_over: 0.5000
    Episode_Termination/illegal_contact: 1.0833
          Metrics/angular_momentum_mean: 0.2446
             Metrics/slip_velocity_mean: 0.1056
             Metrics/landing_force_mean: 58.5744
--------------------------------------------------------------------------------
                         Iteration time: 1.32s
                           Time elapsed: 00:01:37
                                    ETA: 00:00:36

################################################################################
[1m                           Learning iteration 73/100                            [0m 

                               Run name: benchmark4096-seed42
                            Total steps: 7274496 
                       Steps per second: 73896 
                        Collection time: 1.115s 
                          Learning time: 0.215s 
                        Mean value loss: 0.0111
                    Mean surrogate loss: -0.0065
                      Mean entropy loss: 9.4707
                            Mean reward: 17.33
                    Mean episode length: 588.52
                        Mean action std: 0.53
   Episode_Reward/track_linear_velocity: 0.1925
  Episode_Reward/track_angular_velocity: 0.5993
     Episode_Reward/body_orientation_l2: -0.0082
                    Episode_Reward/pose: 0.6286
            Episode_Reward/body_ang_vel: -0.0309
        Episode_Reward/angular_momentum: -0.0018
           Episode_Reward/is_terminated: -0.1333
            Episode_Reward/joint_acc_l2: -0.0156
        Episode_Reward/joint_pos_limits: 0.0000
          Episode_Reward/action_rate_l2: -0.3099
               Episode_Reward/foot_gait: 0.2317
          Episode_Reward/foot_clearance: -0.0555
               Episode_Reward/foot_slip: -0.0309
            Episode_Reward/soft_landing: -0.0238
             Episode_Reward/stand_still: -0.0018
        Episode_Metrics/mean_action_acc: 1.0971
             Metrics/twist/error_vel_xy: 1.1631
            Metrics/twist/error_vel_yaw: 0.4098
           Episode_Termination/time_out: 0.3333
          Episode_Termination/fell_over: 0.0417
    Episode_Termination/illegal_contact: 0.6667
          Metrics/angular_momentum_mean: 0.2447
             Metrics/slip_velocity_mean: 0.1048
             Metrics/landing_force_mean: 59.0095
--------------------------------------------------------------------------------
                         Iteration time: 1.33s
                           Time elapsed: 00:01:39
                                    ETA: 00:00:34

################################################################################
[1m                           Learning iteration 74/100                            [0m 

                               Run name: benchmark4096-seed42
                            Total steps: 7372800 
                       Steps per second: 76426 
                        Collection time: 1.006s 
                          Learning time: 0.280s 
                        Mean value loss: 0.0075
                    Mean surrogate loss: -0.0095
                      Mean entropy loss: 9.3402
                            Mean reward: 17.39
                    Mean episode length: 588.52
                        Mean action std: 0.53
   Episode_Reward/track_linear_velocity: 0.1138
  Episode_Reward/track_angular_velocity: 0.5991
     Episode_Reward/body_orientation_l2: -0.0096
                    Episode_Reward/pose: 0.6354
            Episode_Reward/body_ang_vel: -0.0292
        Episode_Reward/angular_momentum: -0.0013
           Episode_Reward/is_terminated: -0.1500
            Episode_Reward/joint_acc_l2: -0.0101
        Episode_Reward/joint_pos_limits: 0.0000
          Episode_Reward/action_rate_l2: -0.3020
               Episode_Reward/foot_gait: 0.2441
          Episode_Reward/foot_clearance: -0.0420
               Episode_Reward/foot_slip: -0.0139
            Episode_Reward/soft_landing: -0.0081
             Episode_Reward/stand_still: 0.0000
        Episode_Metrics/mean_action_acc: 1.0935
             Metrics/twist/error_vel_xy: 1.2964
            Metrics/twist/error_vel_yaw: 0.4328
           Episode_Termination/time_out: 0.2500
          Episode_Termination/fell_over: 0.0000
    Episode_Termination/illegal_contact: 0.7500
          Metrics/angular_momentum_mean: 0.2439
             Metrics/slip_velocity_mean: 0.1053
             Metrics/landing_force_mean: 58.9535
--------------------------------------------------------------------------------
                         Iteration time: 1.29s
                           Time elapsed: 00:01:40
                                    ETA: 00:00:33

################################################################################
[1m                           Learning iteration 75/100                            [0m 

                               Run name: benchmark4096-seed42
                            Total steps: 7471104 
                       Steps per second: 72209 
                        Collection time: 1.101s 
                          Learning time: 0.261s 
                        Mean value loss: 0.0071
                    Mean surrogate loss: -0.0080
                      Mean entropy loss: 9.2473
                            Mean reward: 17.73
                    Mean episode length: 592.26
                        Mean action std: 0.52
   Episode_Reward/track_linear_velocity: 0.4061
  Episode_Reward/track_angular_velocity: 0.7600
     Episode_Reward/body_orientation_l2: -0.0082
                    Episode_Reward/pose: 0.8263
            Episode_Reward/body_ang_vel: -0.0387
        Episode_Reward/angular_momentum: -0.0020
           Episode_Reward/is_terminated: -0.0167
            Episode_Reward/joint_acc_l2: -0.0169
        Episode_Reward/joint_pos_limits: 0.0000
          Episode_Reward/action_rate_l2: -0.4226
               Episode_Reward/foot_gait: 0.3096
          Episode_Reward/foot_clearance: -0.0612
               Episode_Reward/foot_slip: -0.0259
            Episode_Reward/soft_landing: -0.0190
             Episode_Reward/stand_still: -0.0018
        Episode_Metrics/mean_action_acc: 1.1280
             Metrics/twist/error_vel_xy: 1.1278
            Metrics/twist/error_vel_yaw: 0.6012
           Episode_Termination/time_out: 1.0833
          Episode_Termination/fell_over: 0.0000
    Episode_Termination/illegal_contact: 0.0833
          Metrics/angular_momentum_mean: 0.2452
             Metrics/slip_velocity_mean: 0.1032
             Metrics/landing_force_mean: 58.7340
--------------------------------------------------------------------------------
                         Iteration time: 1.36s
                           Time elapsed: 00:01:41
                                    ETA: 00:00:32

################################################################################
[1m                           Learning iteration 76/100                            [0m 

                               Run name: benchmark4096-seed42
                            Total steps: 7569408 
                       Steps per second: 70811 
                        Collection time: 1.097s 
                          Learning time: 0.291s 
                        Mean value loss: 0.0081
                    Mean surrogate loss: -0.0090
                      Mean entropy loss: 9.1261
                            Mean reward: 18.61
                    Mean episode length: 611.37
                        Mean action std: 0.52
   Episode_Reward/track_linear_velocity: 0.4250
  Episode_Reward/track_angular_velocity: 0.8121
     Episode_Reward/body_orientation_l2: -0.0067
                    Episode_Reward/pose: 0.8616
            Episode_Reward/body_ang_vel: -0.0387
        Episode_Reward/angular_momentum: -0.0019
           Episode_Reward/is_terminated: 0.0000
            Episode_Reward/joint_acc_l2: -0.0156
        Episode_Reward/joint_pos_limits: 0.0000
          Episode_Reward/action_rate_l2: -0.4325
               Episode_Reward/foot_gait: 0.3124
          Episode_Reward/foot_clearance: -0.0579
               Episode_Reward/foot_slip: -0.0225
            Episode_Reward/soft_landing: -0.0162
             Episode_Reward/stand_still: -0.0039
        Episode_Metrics/mean_action_acc: 1.1275
             Metrics/twist/error_vel_xy: 1.1935
            Metrics/twist/error_vel_yaw: 0.5748
           Episode_Termination/time_out: 1.3750
          Episode_Termination/fell_over: 0.0000
    Episode_Termination/illegal_contact: 0.0000
          Metrics/angular_momentum_mean: 0.2432
             Metrics/slip_velocity_mean: 0.1039
             Metrics/landing_force_mean: 58.2661
--------------------------------------------------------------------------------
                         Iteration time: 1.39s
                           Time elapsed: 00:01:43
                                    ETA: 00:00:30

################################################################################
[1m                           Learning iteration 77/100                            [0m 

                               Run name: benchmark4096-seed42
                            Total steps: 7667712 
                       Steps per second: 69889 
                        Collection time: 1.166s 
                          Learning time: 0.241s 
                        Mean value loss: 0.0157
                    Mean surrogate loss: -0.0053
                      Mean entropy loss: 9.0689
                            Mean reward: 24.68
                    Mean episode length: 739.08
                        Mean action std: 0.52
   Episode_Reward/track_linear_velocity: 0.4608
  Episode_Reward/track_angular_velocity: 0.7951
     Episode_Reward/body_orientation_l2: -0.0093
                    Episode_Reward/pose: 0.8518
            Episode_Reward/body_ang_vel: -0.0382
        Episode_Reward/angular_momentum: -0.0021
           Episode_Reward/is_terminated: -0.0194
            Episode_Reward/joint_acc_l2: -0.0158
        Episode_Reward/joint_pos_limits: 0.0000
          Episode_Reward/action_rate_l2: -0.4156
               Episode_Reward/foot_gait: 0.3212
          Episode_Reward/foot_clearance: -0.0611
               Episode_Reward/foot_slip: -0.0235
            Episode_Reward/soft_landing: -0.0181
             Episode_Reward/stand_still: -0.0023
        Episode_Metrics/mean_action_acc: 1.1089
             Metrics/twist/error_vel_xy: 1.0715
            Metrics/twist/error_vel_yaw: 0.5842
           Episode_Termination/time_out: 1.2083
          Episode_Termination/fell_over: 0.0000
    Episode_Termination/illegal_contact: 0.1250
          Metrics/angular_momentum_mean: 0.2447
             Metrics/slip_velocity_mean: 0.1032
             Metrics/landing_force_mean: 58.0770
--------------------------------------------------------------------------------
                         Iteration time: 1.41s
                           Time elapsed: 00:01:44
                                    ETA: 00:00:29

################################################################################
[1m                           Learning iteration 78/100                            [0m 

                               Run name: benchmark4096-seed42
                            Total steps: 7766016 
                       Steps per second: 69512 
                        Collection time: 1.150s 
                          Learning time: 0.265s 
                        Mean value loss: 0.0199
                    Mean surrogate loss: -0.0074
                      Mean entropy loss: 9.0408
                            Mean reward: 29.16
                    Mean episode length: 841.24
                        Mean action std: 0.52
   Episode_Reward/track_linear_velocity: 0.3909
  Episode_Reward/track_angular_velocity: 0.8050
     Episode_Reward/body_orientation_l2: -0.0079
                    Episode_Reward/pose: 0.8430
            Episode_Reward/body_ang_vel: -0.0386
        Episode_Reward/angular_momentum: -0.0024
           Episode_Reward/is_terminated: -0.0111
            Episode_Reward/joint_acc_l2: -0.0167
        Episode_Reward/joint_pos_limits: 0.0000
          Episode_Reward/action_rate_l2: -0.4152
               Episode_Reward/foot_gait: 0.3156
          Episode_Reward/foot_clearance: -0.0611
               Episode_Reward/foot_slip: -0.0244
            Episode_Reward/soft_landing: -0.0178
             Episode_Reward/stand_still: -0.0049
        Episode_Metrics/mean_action_acc: 1.1053
             Metrics/twist/error_vel_xy: 1.2530
            Metrics/twist/error_vel_yaw: 0.5600
           Episode_Termination/time_out: 1.2083
          Episode_Termination/fell_over: 0.0833
    Episode_Termination/illegal_contact: 0.0417
          Metrics/angular_momentum_mean: 0.2459
             Metrics/slip_velocity_mean: 0.1043
             Metrics/landing_force_mean: 58.6246
--------------------------------------------------------------------------------
                         Iteration time: 1.41s
                           Time elapsed: 00:01:45
                                    ETA: 00:00:28

################################################################################
[1m                           Learning iteration 79/100                            [0m 

                               Run name: benchmark4096-seed42
                            Total steps: 7864320 
                       Steps per second: 83016 
                        Collection time: 0.974s 
                          Learning time: 0.210s 
                        Mean value loss: 0.0306
                    Mean surrogate loss: -0.0070
                      Mean entropy loss: 9.0390
                            Mean reward: 31.72
                    Mean episode length: 898.86
                        Mean action std: 0.52
   Episode_Reward/track_linear_velocity: 0.3934
  Episode_Reward/track_angular_velocity: 0.7013
     Episode_Reward/body_orientation_l2: -0.0090
                    Episode_Reward/pose: 0.7326
            Episode_Reward/body_ang_vel: -0.0341
        Episode_Reward/angular_momentum: -0.0018
           Episode_Reward/is_terminated: -0.1139
            Episode_Reward/joint_acc_l2: -0.0124
        Episode_Reward/joint_pos_limits: 0.0000
          Episode_Reward/action_rate_l2: -0.3314
               Episode_Reward/foot_gait: 0.2774
          Episode_Reward/foot_clearance: -0.0500
               Episode_Reward/foot_slip: -0.0175
            Episode_Reward/soft_landing: -0.0125
             Episode_Reward/stand_still: -0.0017
        Episode_Metrics/mean_action_acc: 1.0697
             Metrics/twist/error_vel_xy: 0.9211
            Metrics/twist/error_vel_yaw: 0.4212
           Episode_Termination/time_out: 0.5833
          Episode_Termination/fell_over: 0.4167
    Episode_Termination/illegal_contact: 0.2500
          Metrics/angular_momentum_mean: 0.2468
             Metrics/slip_velocity_mean: 0.1064
             Metrics/landing_force_mean: 58.1117
--------------------------------------------------------------------------------
                         Iteration time: 1.18s
                           Time elapsed: 00:01:47
                                    ETA: 00:00:26

################################################################################
[1m                           Learning iteration 80/100                            [0m 

                               Run name: benchmark4096-seed42
                            Total steps: 7962624 
                       Steps per second: 80091 
                        Collection time: 1.017s 
                          Learning time: 0.211s 
                        Mean value loss: 0.0464
                    Mean surrogate loss: -0.0062
                      Mean entropy loss: 9.0750
                            Mean reward: 32.53
                    Mean episode length: 908.64
                        Mean action std: 0.52
   Episode_Reward/track_linear_velocity: 0.3570
  Episode_Reward/track_angular_velocity: 0.6523
     Episode_Reward/body_orientation_l2: -0.0087
                    Episode_Reward/pose: 0.6873
            Episode_Reward/body_ang_vel: -0.0310
        Episode_Reward/angular_momentum: -0.0019
           Episode_Reward/is_terminated: -0.1667
            Episode_Reward/joint_acc_l2: -0.0138
        Episode_Reward/joint_pos_limits: 0.0000
          Episode_Reward/action_rate_l2: -0.3015
               Episode_Reward/foot_gait: 0.2656
          Episode_Reward/foot_clearance: -0.0542
               Episode_Reward/foot_slip: -0.0224
            Episode_Reward/soft_landing: -0.0187
             Episode_Reward/stand_still: 0.0000
        Episode_Metrics/mean_action_acc: 1.0559
             Metrics/twist/error_vel_xy: 0.8624
            Metrics/twist/error_vel_yaw: 0.3952
           Episode_Termination/time_out: 0.2083
          Episode_Termination/fell_over: 0.1667
    Episode_Termination/illegal_contact: 1.1250
          Metrics/angular_momentum_mean: 0.2466
             Metrics/slip_velocity_mean: 0.1068
             Metrics/landing_force_mean: 58.2597
--------------------------------------------------------------------------------
                         Iteration time: 1.23s
                           Time elapsed: 00:01:48
                                    ETA: 00:00:25

################################################################################
[1m                           Learning iteration 81/100                            [0m 

                               Run name: benchmark4096-seed42
                            Total steps: 8060928 
                       Steps per second: 82178 
                        Collection time: 0.985s 
                          Learning time: 0.211s 
                        Mean value loss: 0.0310
                    Mean surrogate loss: -0.0059
                      Mean entropy loss: 9.1405
                            Mean reward: 29.46
                    Mean episode length: 845.19
                        Mean action std: 0.52
   Episode_Reward/track_linear_velocity: 0.3233
  Episode_Reward/track_angular_velocity: 0.6005
     Episode_Reward/body_orientation_l2: -0.0111
                    Episode_Reward/pose: 0.6171
            Episode_Reward/body_ang_vel: -0.0284
        Episode_Reward/angular_momentum: -0.0018
           Episode_Reward/is_terminated: -0.1667
            Episode_Reward/joint_acc_l2: -0.0112
        Episode_Reward/joint_pos_limits: 0.0000
          Episode_Reward/action_rate_l2: -0.2722
               Episode_Reward/foot_gait: 0.2360
          Episode_Reward/foot_clearance: -0.0456
               Episode_Reward/foot_slip: -0.0168
            Episode_Reward/soft_landing: -0.0121
             Episode_Reward/stand_still: -0.0014
        Episode_Metrics/mean_action_acc: 1.0409
             Metrics/twist/error_vel_xy: 0.8228
            Metrics/twist/error_vel_yaw: 0.3689
           Episode_Termination/time_out: 0.2083
          Episode_Termination/fell_over: 0.3750
    Episode_Termination/illegal_contact: 1.0417
          Metrics/angular_momentum_mean: 0.2485
             Metrics/slip_velocity_mean: 0.1073
             Metrics/landing_force_mean: 58.6420
--------------------------------------------------------------------------------
                         Iteration time: 1.20s
                           Time elapsed: 00:01:49
                                    ETA: 00:00:24

################################################################################
[1m                           Learning iteration 82/100                            [0m 

                               Run name: benchmark4096-seed42
                            Total steps: 8159232 
                       Steps per second: 83295 
                        Collection time: 0.985s 
                          Learning time: 0.195s 
                        Mean value loss: 0.0309
                    Mean surrogate loss: -0.0058
                      Mean entropy loss: 9.1622
                            Mean reward: 28.38
                    Mean episode length: 821.77
                        Mean action std: 0.52
   Episode_Reward/track_linear_velocity: 0.3557
  Episode_Reward/track_angular_velocity: 0.6766
     Episode_Reward/body_orientation_l2: -0.0111
                    Episode_Reward/pose: 0.7079
            Episode_Reward/body_ang_vel: -0.0330
        Episode_Reward/angular_momentum: -0.0021
           Episode_Reward/is_terminated: -0.1958
            Episode_Reward/joint_acc_l2: -0.0128
        Episode_Reward/joint_pos_limits: 0.0000
          Episode_Reward/action_rate_l2: -0.3063
               Episode_Reward/foot_gait: 0.2714
          Episode_Reward/foot_clearance: -0.0537
               Episode_Reward/foot_slip: -0.0205
            Episode_Reward/soft_landing: -0.0156
             Episode_Reward/stand_still: -0.0004
        Episode_Metrics/mean_action_acc: 1.0433
             Metrics/twist/error_vel_xy: 0.9716
            Metrics/twist/error_vel_yaw: 0.4097
           Episode_Termination/time_out: 0.0417
          Episode_Termination/fell_over: 0.7083
    Episode_Termination/illegal_contact: 0.8333
          Metrics/angular_momentum_mean: 0.2493
             Metrics/slip_velocity_mean: 0.1064
             Metrics/landing_force_mean: 58.6795
--------------------------------------------------------------------------------
                         Iteration time: 1.18s
                           Time elapsed: 00:01:50
                                    ETA: 00:00:22

################################################################################
[1m                           Learning iteration 83/100                            [0m 

                               Run name: benchmark4096-seed42
                            Total steps: 8257536 
                       Steps per second: 83498 
                        Collection time: 0.986s 
                          Learning time: 0.191s 
                        Mean value loss: 0.0230
                    Mean surrogate loss: -0.0064
                      Mean entropy loss: 9.1578
                            Mean reward: 27.34
                    Mean episode length: 794.10
                        Mean action std: 0.52
   Episode_Reward/track_linear_velocity: 0.3861
  Episode_Reward/track_angular_velocity: 0.6685
     Episode_Reward/body_orientation_l2: -0.0119
                    Episode_Reward/pose: 0.6813
            Episode_Reward/body_ang_vel: -0.0321
        Episode_Reward/angular_momentum: -0.0020
           Episode_Reward/is_terminated: -0.1917
            Episode_Reward/joint_acc_l2: -0.0133
        Episode_Reward/joint_pos_limits: 0.0000
          Episode_Reward/action_rate_l2: -0.2985
               Episode_Reward/foot_gait: 0.2598
          Episode_Reward/foot_clearance: -0.0518
               Episode_Reward/foot_slip: -0.0193
            Episode_Reward/soft_landing: -0.0157
             Episode_Reward/stand_still: -0.0032
        Episode_Metrics/mean_action_acc: 1.0420
             Metrics/twist/error_vel_xy: 0.8449
            Metrics/twist/error_vel_yaw: 0.3859
           Episode_Termination/time_out: 0.0833
          Episode_Termination/fell_over: 0.5417
    Episode_Termination/illegal_contact: 1.0833
          Metrics/angular_momentum_mean: 0.2467
             Metrics/slip_velocity_mean: 0.1052
             Metrics/landing_force_mean: 58.6469
--------------------------------------------------------------------------------
                         Iteration time: 1.18s
                           Time elapsed: 00:01:51
                                    ETA: 00:00:21

################################################################################
[1m                           Learning iteration 84/100                            [0m 

                               Run name: benchmark4096-seed42
                            Total steps: 8355840 
                       Steps per second: 79300 
                        Collection time: 1.041s 
                          Learning time: 0.199s 
                        Mean value loss: 0.0180
                    Mean surrogate loss: -0.0056
                      Mean entropy loss: 9.1316
                            Mean reward: 38.30
                    Mean episode length: 995.16
                        Mean action std: 0.52
   Episode_Reward/track_linear_velocity: 0.4620
  Episode_Reward/track_angular_velocity: 0.8229
     Episode_Reward/body_orientation_l2: -0.0070
                    Episode_Reward/pose: 0.8486
            Episode_Reward/body_ang_vel: -0.0356
        Episode_Reward/angular_momentum: -0.0022
           Episode_Reward/is_terminated: -0.0232
            Episode_Reward/joint_acc_l2: -0.0177
        Episode_Reward/joint_pos_limits: 0.0000
          Episode_Reward/action_rate_l2: -0.3770
               Episode_Reward/foot_gait: 0.3220
          Episode_Reward/foot_clearance: -0.0662
               Episode_Reward/foot_slip: -0.0269
            Episode_Reward/soft_landing: -0.0249
             Episode_Reward/stand_still: -0.0032
        Episode_Metrics/mean_action_acc: 1.0625
             Metrics/twist/error_vel_xy: 1.0503
            Metrics/twist/error_vel_yaw: 0.4650
           Episode_Termination/time_out: 5.6250
          Episode_Termination/fell_over: 0.0833
    Episode_Termination/illegal_contact: 0.2917
          Metrics/angular_momentum_mean: 0.2474
             Metrics/slip_velocity_mean: 0.1043
             Metrics/landing_force_mean: 58.9530
--------------------------------------------------------------------------------
                         Iteration time: 1.24s
                           Time elapsed: 00:01:53
                                    ETA: 00:00:19

################################################################################
[1m                           Learning iteration 85/100                            [0m 

                               Run name: benchmark4096-seed42
                            Total steps: 8454144 
                       Steps per second: 78608 
                        Collection time: 1.036s 
                          Learning time: 0.215s 
                        Mean value loss: 0.0084
                    Mean surrogate loss: -0.0089
                      Mean entropy loss: 9.0650
                            Mean reward: 38.54
                    Mean episode length: 997.32
                        Mean action std: 0.52
   Episode_Reward/track_linear_velocity: 0.4508
  Episode_Reward/track_angular_velocity: 0.8444
     Episode_Reward/body_orientation_l2: -0.0064
                    Episode_Reward/pose: 0.8629
            Episode_Reward/body_ang_vel: -0.0356
        Episode_Reward/angular_momentum: -0.0022
           Episode_Reward/is_terminated: -0.0041
            Episode_Reward/joint_acc_l2: -0.0181
        Episode_Reward/joint_pos_limits: 0.0000
          Episode_Reward/action_rate_l2: -0.3833
               Episode_Reward/foot_gait: 0.3253
          Episode_Reward/foot_clearance: -0.0669
               Episode_Reward/foot_slip: -0.0272
            Episode_Reward/soft_landing: -0.0252
             Episode_Reward/stand_still: -0.0045
        Episode_Metrics/mean_action_acc: 1.0590
             Metrics/twist/error_vel_xy: 1.1345
            Metrics/twist/error_vel_yaw: 0.4736
           Episode_Termination/time_out: 9.0417
          Episode_Termination/fell_over: 0.0833
    Episode_Termination/illegal_contact: 0.1250
          Metrics/angular_momentum_mean: 0.2522
             Metrics/slip_velocity_mean: 0.1046
             Metrics/landing_force_mean: 59.2795
--------------------------------------------------------------------------------
                         Iteration time: 1.25s
                           Time elapsed: 00:01:54
                                    ETA: 00:00:18

################################################################################
[1m                           Learning iteration 86/100                            [0m 

                               Run name: benchmark4096-seed42
                            Total steps: 8552448 
                       Steps per second: 74462 
                        Collection time: 1.091s 
                          Learning time: 0.229s 
                        Mean value loss: 0.0094
                    Mean surrogate loss: -0.0071
                      Mean entropy loss: 8.9981
                            Mean reward: 38.92
                    Mean episode length: 1000.00
                        Mean action std: 0.51
   Episode_Reward/track_linear_velocity: 0.4622
  Episode_Reward/track_angular_velocity: 0.8511
     Episode_Reward/body_orientation_l2: -0.0059
                    Episode_Reward/pose: 0.8736
            Episode_Reward/body_ang_vel: -0.0353
        Episode_Reward/angular_momentum: -0.0022
           Episode_Reward/is_terminated: -0.0005
            Episode_Reward/joint_acc_l2: -0.0185
        Episode_Reward/joint_pos_limits: 0.0000
          Episode_Reward/action_rate_l2: -0.3815
               Episode_Reward/foot_gait: 0.3325
          Episode_Reward/foot_clearance: -0.0686
               Episode_Reward/foot_slip: -0.0284
            Episode_Reward/soft_landing: -0.0263
             Episode_Reward/stand_still: -0.0036
        Episode_Metrics/mean_action_acc: 1.0544
             Metrics/twist/error_vel_xy: 1.1204
            Metrics/twist/error_vel_yaw: 0.4698
           Episode_Termination/time_out: 14.0833
          Episode_Termination/fell_over: 0.0000
    Episode_Termination/illegal_contact: 0.0417
          Metrics/angular_momentum_mean: 0.2583
             Metrics/slip_velocity_mean: 0.1048
             Metrics/landing_force_mean: 59.9401
--------------------------------------------------------------------------------
                         Iteration time: 1.32s
                           Time elapsed: 00:01:55
                                    ETA: 00:00:17

################################################################################
[1m                           Learning iteration 87/100                            [0m 

                               Run name: benchmark4096-seed42
                            Total steps: 8650752 
                       Steps per second: 76360 
                        Collection time: 1.098s 
                          Learning time: 0.189s 
                        Mean value loss: 0.0067
                    Mean surrogate loss: -0.0094
                      Mean entropy loss: 8.8615
                            Mean reward: 39.44
                    Mean episode length: 1000.00
                        Mean action std: 0.51
   Episode_Reward/track_linear_velocity: 0.4709
  Episode_Reward/track_angular_velocity: 0.8480
     Episode_Reward/body_orientation_l2: -0.0056
                    Episode_Reward/pose: 0.8629
            Episode_Reward/body_ang_vel: -0.0345
        Episode_Reward/angular_momentum: -0.0021
           Episode_Reward/is_terminated: -0.0014
            Episode_Reward/joint_acc_l2: -0.0172
        Episode_Reward/joint_pos_limits: 0.0000
          Episode_Reward/action_rate_l2: -0.3759
               Episode_Reward/foot_gait: 0.3266
          Episode_Reward/foot_clearance: -0.0649
               Episode_Reward/foot_slip: -0.0258
            Episode_Reward/soft_landing: -0.0227
             Episode_Reward/stand_still: -0.0046
        Episode_Metrics/mean_action_acc: 1.0484
             Metrics/twist/error_vel_xy: 1.0916
            Metrics/twist/error_vel_yaw: 0.4697
           Episode_Termination/time_out: 19.8333
          Episode_Termination/fell_over: 0.0000
    Episode_Termination/illegal_contact: 0.1250
          Metrics/angular_momentum_mean: 0.2659
             Metrics/slip_velocity_mean: 0.1056
             Metrics/landing_force_mean: 60.5680
--------------------------------------------------------------------------------
                         Iteration time: 1.29s
                           Time elapsed: 00:01:56
                                    ETA: 00:00:15

################################################################################
[1m                           Learning iteration 88/100                            [0m 

                               Run name: benchmark4096-seed42
                            Total steps: 8749056 
                       Steps per second: 76476 
                        Collection time: 1.068s 
                          Learning time: 0.218s 
                        Mean value loss: 0.0101
                    Mean surrogate loss: -0.0061
                      Mean entropy loss: 8.8195
                            Mean reward: 39.11
                    Mean episode length: 988.83
                        Mean action std: 0.50
   Episode_Reward/track_linear_velocity: 0.4624
  Episode_Reward/track_angular_velocity: 0.8504
     Episode_Reward/body_orientation_l2: -0.0056
                    Episode_Reward/pose: 0.8699
            Episode_Reward/body_ang_vel: -0.0340
        Episode_Reward/angular_momentum: -0.0021
           Episode_Reward/is_terminated: -0.0013
            Episode_Reward/joint_acc_l2: -0.0170
        Episode_Reward/joint_pos_limits: 0.0000
          Episode_Reward/action_rate_l2: -0.3726
               Episode_Reward/foot_gait: 0.3326
          Episode_Reward/foot_clearance: -0.0654
               Episode_Reward/foot_slip: -0.0257
            Episode_Reward/soft_landing: -0.0224
             Episode_Reward/stand_still: -0.0034
        Episode_Metrics/mean_action_acc: 1.0427
             Metrics/twist/error_vel_xy: 1.1136
            Metrics/twist/error_vel_yaw: 0.4681
           Episode_Termination/time_out: 17.5833
          Episode_Termination/fell_over: 0.0000
    Episode_Termination/illegal_contact: 0.0833
          Metrics/angular_momentum_mean: 0.2719
             Metrics/slip_velocity_mean: 0.1056
             Metrics/landing_force_mean: 60.0858
--------------------------------------------------------------------------------
                         Iteration time: 1.29s
                           Time elapsed: 00:01:58
                                    ETA: 00:00:14

################################################################################
[1m                           Learning iteration 89/100                            [0m 

                               Run name: benchmark4096-seed42
                            Total steps: 8847360 
                       Steps per second: 73887 
                        Collection time: 1.084s 
                          Learning time: 0.247s 
                        Mean value loss: 0.0138
                    Mean surrogate loss: -0.0076
                      Mean entropy loss: 8.7617
                            Mean reward: 39.58
                    Mean episode length: 998.55
                        Mean action std: 0.50
   Episode_Reward/track_linear_velocity: 0.4668
  Episode_Reward/track_angular_velocity: 0.8548
     Episode_Reward/body_orientation_l2: -0.0058
                    Episode_Reward/pose: 0.8685
            Episode_Reward/body_ang_vel: -0.0335
        Episode_Reward/angular_momentum: -0.0021
           Episode_Reward/is_terminated: -0.0009
            Episode_Reward/joint_acc_l2: -0.0163
        Episode_Reward/joint_pos_limits: 0.0000
          Episode_Reward/action_rate_l2: -0.3695
               Episode_Reward/foot_gait: 0.3321
          Episode_Reward/foot_clearance: -0.0635
               Episode_Reward/foot_slip: -0.0242
            Episode_Reward/soft_landing: -0.0203
             Episode_Reward/stand_still: -0.0042
        Episode_Metrics/mean_action_acc: 1.0371
             Metrics/twist/error_vel_xy: 1.1081
            Metrics/twist/error_vel_yaw: 0.4676
           Episode_Termination/time_out: 15.3333
          Episode_Termination/fell_over: 0.0417
    Episode_Termination/illegal_contact: 0.0000
          Metrics/angular_momentum_mean: 0.2743
             Metrics/slip_velocity_mean: 0.1065
             Metrics/landing_force_mean: 60.5760
--------------------------------------------------------------------------------
                         Iteration time: 1.33s
                           Time elapsed: 00:01:59
                                    ETA: 00:00:13

################################################################################
[1m                           Learning iteration 90/100                            [0m 

                               Run name: benchmark4096-seed42
                            Total steps: 8945664 
                       Steps per second: 75993 
                        Collection time: 1.077s 
                          Learning time: 0.217s 
                        Mean value loss: 0.0324
                    Mean surrogate loss: -0.0065
                      Mean entropy loss: 8.7593
                            Mean reward: 39.41
                    Mean episode length: 989.69
                        Mean action std: 0.50
   Episode_Reward/track_linear_velocity: 0.4652
  Episode_Reward/track_angular_velocity: 0.8495
     Episode_Reward/body_orientation_l2: -0.0060
                    Episode_Reward/pose: 0.8592
            Episode_Reward/body_ang_vel: -0.0326
        Episode_Reward/angular_momentum: -0.0021
           Episode_Reward/is_terminated: -0.0059
            Episode_Reward/joint_acc_l2: -0.0153
        Episode_Reward/joint_pos_limits: 0.0000
          Episode_Reward/action_rate_l2: -0.3621
               Episode_Reward/foot_gait: 0.3292
          Episode_Reward/foot_clearance: -0.0610
               Episode_Reward/foot_slip: -0.0220
            Episode_Reward/soft_landing: -0.0174
             Episode_Reward/stand_still: -0.0043
        Episode_Metrics/mean_action_acc: 1.0294
             Metrics/twist/error_vel_xy: 1.0984
            Metrics/twist/error_vel_yaw: 0.4632
           Episode_Termination/time_out: 9.7917
          Episode_Termination/fell_over: 0.0417
    Episode_Termination/illegal_contact: 0.2083
          Metrics/angular_momentum_mean: 0.2732
             Metrics/slip_velocity_mean: 0.1079
             Metrics/landing_force_mean: 60.9157
--------------------------------------------------------------------------------
                         Iteration time: 1.29s
                           Time elapsed: 00:02:00
                                    ETA: 00:00:11

################################################################################
[1m                           Learning iteration 91/100                            [0m 

                               Run name: benchmark4096-seed42
                            Total steps: 9043968 
                       Steps per second: 76622 
                        Collection time: 1.056s 
                          Learning time: 0.227s 
                        Mean value loss: 0.0470
                    Mean surrogate loss: -0.0066
                      Mean entropy loss: 8.7992
                            Mean reward: 35.96
                    Mean episode length: 916.49
                        Mean action std: 0.51
   Episode_Reward/track_linear_velocity: 0.4219
  Episode_Reward/track_angular_velocity: 0.8002
     Episode_Reward/body_orientation_l2: -0.0062
                    Episode_Reward/pose: 0.8101
            Episode_Reward/body_ang_vel: -0.0307
        Episode_Reward/angular_momentum: -0.0020
           Episode_Reward/is_terminated: -0.0235
            Episode_Reward/joint_acc_l2: -0.0145
        Episode_Reward/joint_pos_limits: 0.0000
          Episode_Reward/action_rate_l2: -0.3372
               Episode_Reward/foot_gait: 0.3132
          Episode_Reward/foot_clearance: -0.0588
               Episode_Reward/foot_slip: -0.0210
            Episode_Reward/soft_landing: -0.0170
             Episode_Reward/stand_still: -0.0036
        Episode_Metrics/mean_action_acc: 1.0208
             Metrics/twist/error_vel_xy: 1.0640
            Metrics/twist/error_vel_yaw: 0.4321
           Episode_Termination/time_out: 4.7500
          Episode_Termination/fell_over: 0.2083
    Episode_Termination/illegal_contact: 0.6250
          Metrics/angular_momentum_mean: 0.2664
             Metrics/slip_velocity_mean: 0.1092
             Metrics/landing_force_mean: 60.5148
--------------------------------------------------------------------------------
                         Iteration time: 1.28s
                           Time elapsed: 00:02:02
                                    ETA: 00:00:10

################################################################################
[1m                           Learning iteration 92/100                            [0m 

                               Run name: benchmark4096-seed42
                            Total steps: 9142272 
                       Steps per second: 75310 
                        Collection time: 1.098s 
                          Learning time: 0.207s 
                        Mean value loss: 0.0533
                    Mean surrogate loss: -0.0066
                      Mean entropy loss: 8.8425
                            Mean reward: 35.78
                    Mean episode length: 910.06
                        Mean action std: 0.51
   Episode_Reward/track_linear_velocity: 0.4398
  Episode_Reward/track_angular_velocity: 0.8042
     Episode_Reward/body_orientation_l2: -0.0071
                    Episode_Reward/pose: 0.8128
            Episode_Reward/body_ang_vel: -0.0308
        Episode_Reward/angular_momentum: -0.0021
           Episode_Reward/is_terminated: -0.0275
            Episode_Reward/joint_acc_l2: -0.0155
        Episode_Reward/joint_pos_limits: 0.0000
          Episode_Reward/action_rate_l2: -0.3342
               Episode_Reward/foot_gait: 0.3194
          Episode_Reward/foot_clearance: -0.0631
               Episode_Reward/foot_slip: -0.0242
            Episode_Reward/soft_landing: -0.0194
             Episode_Reward/stand_still: -0.0030
        Episode_Metrics/mean_action_acc: 1.0132
             Metrics/twist/error_vel_xy: 1.0345
            Metrics/twist/error_vel_yaw: 0.4288
           Episode_Termination/time_out: 5.1667
          Episode_Termination/fell_over: 0.2917
    Episode_Termination/illegal_contact: 0.6667
          Metrics/angular_momentum_mean: 0.2594
             Metrics/slip_velocity_mean: 0.1097
             Metrics/landing_force_mean: 60.5449
--------------------------------------------------------------------------------
                         Iteration time: 1.31s
                           Time elapsed: 00:02:03
                                    ETA: 00:00:09

################################################################################
[1m                           Learning iteration 93/100                            [0m 

                               Run name: benchmark4096-seed42
                            Total steps: 9240576 
                       Steps per second: 76635 
                        Collection time: 1.072s 
                          Learning time: 0.211s 
                        Mean value loss: 0.0356
                    Mean surrogate loss: -0.0069
                      Mean entropy loss: 8.8861
                            Mean reward: 38.16
                    Mean episode length: 964.46
                        Mean action std: 0.51
   Episode_Reward/track_linear_velocity: 0.4361
  Episode_Reward/track_angular_velocity: 0.8186
     Episode_Reward/body_orientation_l2: -0.0066
                    Episode_Reward/pose: 0.8235
            Episode_Reward/body_ang_vel: -0.0308
        Episode_Reward/angular_momentum: -0.0020
           Episode_Reward/is_terminated: -0.0206
            Episode_Reward/joint_acc_l2: -0.0159
        Episode_Reward/joint_pos_limits: 0.0000
          Episode_Reward/action_rate_l2: -0.3370
               Episode_Reward/foot_gait: 0.3211
          Episode_Reward/foot_clearance: -0.0633
               Episode_Reward/foot_slip: -0.0244
            Episode_Reward/soft_landing: -0.0203
             Episode_Reward/stand_still: -0.0036
        Episode_Metrics/mean_action_acc: 1.0117
             Metrics/twist/error_vel_xy: 1.0683
            Metrics/twist/error_vel_yaw: 0.4272
           Episode_Termination/time_out: 9.2500
          Episode_Termination/fell_over: 0.2083
    Episode_Termination/illegal_contact: 0.9583
          Metrics/angular_momentum_mean: 0.2554
             Metrics/slip_velocity_mean: 0.1089
             Metrics/landing_force_mean: 60.9611
--------------------------------------------------------------------------------
                         Iteration time: 1.28s
                           Time elapsed: 00:02:04
                                    ETA: 00:00:07

################################################################################
[1m                           Learning iteration 94/100                            [0m 

                               Run name: benchmark4096-seed42
                            Total steps: 9338880 
                       Steps per second: 78848 
                        Collection time: 1.051s 
                          Learning time: 0.195s 
                        Mean value loss: 0.0242
                    Mean surrogate loss: -0.0068
                      Mean entropy loss: 8.9047
                            Mean reward: 39.53
                    Mean episode length: 973.29
                        Mean action std: 0.51
   Episode_Reward/track_linear_velocity: 0.4547
  Episode_Reward/track_angular_velocity: 0.8352
     Episode_Reward/body_orientation_l2: -0.0066
                    Episode_Reward/pose: 0.8399
            Episode_Reward/body_ang_vel: -0.0311
        Episode_Reward/angular_momentum: -0.0021
           Episode_Reward/is_terminated: -0.0125
            Episode_Reward/joint_acc_l2: -0.0157
        Episode_Reward/joint_pos_limits: 0.0000
          Episode_Reward/action_rate_l2: -0.3409
               Episode_Reward/foot_gait: 0.3308
          Episode_Reward/foot_clearance: -0.0639
               Episode_Reward/foot_slip: -0.0234
            Episode_Reward/soft_landing: -0.0190
             Episode_Reward/stand_still: -0.0034
        Episode_Metrics/mean_action_acc: 1.0095
             Metrics/twist/error_vel_xy: 1.0633
            Metrics/twist/error_vel_yaw: 0.4311
           Episode_Termination/time_out: 10.6250
          Episode_Termination/fell_over: 0.1667
    Episode_Termination/illegal_contact: 0.5417
          Metrics/angular_momentum_mean: 0.2531
             Metrics/slip_velocity_mean: 0.1065
             Metrics/landing_force_mean: 61.3524
--------------------------------------------------------------------------------
                         Iteration time: 1.25s
                           Time elapsed: 00:02:05
                                    ETA: 00:00:06

################################################################################
[1m                           Learning iteration 95/100                            [0m 

                               Run name: benchmark4096-seed42
                            Total steps: 9437184 
                       Steps per second: 72876 
                        Collection time: 1.152s 
                          Learning time: 0.197s 
                        Mean value loss: 0.0113
                    Mean surrogate loss: -0.0071
                      Mean entropy loss: 8.8759
                            Mean reward: 40.25
                    Mean episode length: 984.68
                        Mean action std: 0.51
   Episode_Reward/track_linear_velocity: 0.4639
  Episode_Reward/track_angular_velocity: 0.8515
     Episode_Reward/body_orientation_l2: -0.0066
                    Episode_Reward/pose: 0.8545
            Episode_Reward/body_ang_vel: -0.0313
        Episode_Reward/angular_momentum: -0.0021
           Episode_Reward/is_terminated: -0.0063
            Episode_Reward/joint_acc_l2: -0.0160
        Episode_Reward/joint_pos_limits: -0.0000
          Episode_Reward/action_rate_l2: -0.3448
               Episode_Reward/foot_gait: 0.3383
          Episode_Reward/foot_clearance: -0.0659
               Episode_Reward/foot_slip: -0.0242
            Episode_Reward/soft_landing: -0.0198
             Episode_Reward/stand_still: -0.0033
        Episode_Metrics/mean_action_acc: 1.0072
             Metrics/twist/error_vel_xy: 1.0861
            Metrics/twist/error_vel_yaw: 0.4352
           Episode_Termination/time_out: 12.2083
          Episode_Termination/fell_over: 0.1250
    Episode_Termination/illegal_contact: 0.3333
          Metrics/angular_momentum_mean: 0.2542
             Metrics/slip_velocity_mean: 0.1052
             Metrics/landing_force_mean: 61.3817
--------------------------------------------------------------------------------
                         Iteration time: 1.35s
                           Time elapsed: 00:02:07
                                    ETA: 00:00:05

################################################################################
[1m                           Learning iteration 96/100                            [0m 

                               Run name: benchmark4096-seed42
                            Total steps: 9535488 
                       Steps per second: 74987 
                        Collection time: 1.096s 
                          Learning time: 0.215s 
                        Mean value loss: 0.0069
                    Mean surrogate loss: -0.0081
                      Mean entropy loss: 8.7833
                            Mean reward: 40.68
                    Mean episode length: 991.76
                        Mean action std: 0.50
   Episode_Reward/track_linear_velocity: 0.4695
  Episode_Reward/track_angular_velocity: 0.8586
     Episode_Reward/body_orientation_l2: -0.0064
                    Episode_Reward/pose: 0.8635
            Episode_Reward/body_ang_vel: -0.0309
        Episode_Reward/angular_momentum: -0.0020
           Episode_Reward/is_terminated: -0.0025
            Episode_Reward/joint_acc_l2: -0.0153
        Episode_Reward/joint_pos_limits: 0.0000
          Episode_Reward/action_rate_l2: -0.3443
               Episode_Reward/foot_gait: 0.3459
          Episode_Reward/foot_clearance: -0.0644
               Episode_Reward/foot_slip: -0.0222
            Episode_Reward/soft_landing: -0.0170
             Episode_Reward/stand_still: -0.0030
        Episode_Metrics/mean_action_acc: 1.0030
             Metrics/twist/error_vel_xy: 1.0794
            Metrics/twist/error_vel_yaw: 0.4389
           Episode_Termination/time_out: 10.5000
          Episode_Termination/fell_over: 0.0833
    Episode_Termination/illegal_contact: 0.0833
          Metrics/angular_momentum_mean: 0.2565
             Metrics/slip_velocity_mean: 0.1039
             Metrics/landing_force_mean: 61.6796
--------------------------------------------------------------------------------
                         Iteration time: 1.31s
                           Time elapsed: 00:02:08
                                    ETA: 00:00:03

################################################################################
[1m                           Learning iteration 97/100                            [0m 

                               Run name: benchmark4096-seed42
                            Total steps: 9633792 
                       Steps per second: 73641 
                        Collection time: 1.087s 
                          Learning time: 0.248s 
                        Mean value loss: 0.0084
                    Mean surrogate loss: -0.0079
                      Mean entropy loss: 8.7268
                            Mean reward: 41.09
                    Mean episode length: 996.12
                        Mean action std: 0.50
   Episode_Reward/track_linear_velocity: 0.4822
  Episode_Reward/track_angular_velocity: 0.8633
     Episode_Reward/body_orientation_l2: -0.0064
                    Episode_Reward/pose: 0.8634
            Episode_Reward/body_ang_vel: -0.0307
        Episode_Reward/angular_momentum: -0.0021
           Episode_Reward/is_terminated: -0.0028
            Episode_Reward/joint_acc_l2: -0.0154
        Episode_Reward/joint_pos_limits: 0.0000
          Episode_Reward/action_rate_l2: -0.3440
               Episode_Reward/foot_gait: 0.3421
          Episode_Reward/foot_clearance: -0.0643
               Episode_Reward/foot_slip: -0.0220
            Episode_Reward/soft_landing: -0.0172
             Episode_Reward/stand_still: -0.0035
        Episode_Metrics/mean_action_acc: 1.0004
             Metrics/twist/error_vel_xy: 1.0727
            Metrics/twist/error_vel_yaw: 0.4380
           Episode_Termination/time_out: 4.7917
          Episode_Termination/fell_over: 0.0000
    Episode_Termination/illegal_contact: 0.0417
          Metrics/angular_momentum_mean: 0.2574
             Metrics/slip_velocity_mean: 0.1031
             Metrics/landing_force_mean: 61.5516
--------------------------------------------------------------------------------
                         Iteration time: 1.33s
                           Time elapsed: 00:02:09
                                    ETA: 00:00:02

################################################################################
[1m                           Learning iteration 98/100                            [0m 

                               Run name: benchmark4096-seed42
                            Total steps: 9732096 
                       Steps per second: 76090 
                        Collection time: 1.065s 
                          Learning time: 0.227s 
                        Mean value loss: 0.0080
                    Mean surrogate loss: -0.0081
                      Mean entropy loss: 8.6211
                            Mean reward: 40.60
                    Mean episode length: 972.45
                        Mean action std: 0.50
   Episode_Reward/track_linear_velocity: 0.5398
  Episode_Reward/track_angular_velocity: 0.8425
     Episode_Reward/body_orientation_l2: -0.0062
                    Episode_Reward/pose: 0.8353
            Episode_Reward/body_ang_vel: -0.0299
        Episode_Reward/angular_momentum: -0.0020
           Episode_Reward/is_terminated: -0.0076
            Episode_Reward/joint_acc_l2: -0.0140
        Episode_Reward/joint_pos_limits: 0.0000
          Episode_Reward/action_rate_l2: -0.3330
               Episode_Reward/foot_gait: 0.3314
          Episode_Reward/foot_clearance: -0.0584
               Episode_Reward/foot_slip: -0.0192
            Episode_Reward/soft_landing: -0.0139
             Episode_Reward/stand_still: -0.0049
        Episode_Metrics/mean_action_acc: 0.9962
             Metrics/twist/error_vel_xy: 0.8987
            Metrics/twist/error_vel_yaw: 0.4280
           Episode_Termination/time_out: 2.3333
          Episode_Termination/fell_over: 0.0000
    Episode_Termination/illegal_contact: 0.1250
          Metrics/angular_momentum_mean: 0.2527
             Metrics/slip_velocity_mean: 0.1023
             Metrics/landing_force_mean: 61.0557
--------------------------------------------------------------------------------
                         Iteration time: 1.29s
                           Time elapsed: 00:02:11
                                    ETA: 00:00:01

################################################################################
[1m                           Learning iteration 99/100                            [0m 

                               Run name: benchmark4096-seed42
                            Total steps: 9830400 
                       Steps per second: 75143 
                        Collection time: 1.071s 
                          Learning time: 0.237s 
                        Mean value loss: 0.0104
                    Mean surrogate loss: -0.0059
                      Mean entropy loss: 8.5611
                            Mean reward: 40.13
                    Mean episode length: 963.55
                        Mean action std: 0.49
   Episode_Reward/track_linear_velocity: 0.4646
  Episode_Reward/track_angular_velocity: 0.8391
     Episode_Reward/body_orientation_l2: -0.0084
                    Episode_Reward/pose: 0.8443
            Episode_Reward/body_ang_vel: -0.0294
        Episode_Reward/angular_momentum: -0.0017
           Episode_Reward/is_terminated: -0.0083
            Episode_Reward/joint_acc_l2: -0.0131
        Episode_Reward/joint_pos_limits: 0.0000
          Episode_Reward/action_rate_l2: -0.3283
               Episode_Reward/foot_gait: 0.3486
          Episode_Reward/foot_clearance: -0.0595
               Episode_Reward/foot_slip: -0.0173
            Episode_Reward/soft_landing: -0.0115
             Episode_Reward/stand_still: -0.0014
        Episode_Metrics/mean_action_acc: 0.9936
             Metrics/twist/error_vel_xy: 1.0534
            Metrics/twist/error_vel_yaw: 0.4159
           Episode_Termination/time_out: 1.5000
          Episode_Termination/fell_over: 0.0417
    Episode_Termination/illegal_contact: 0.0000
          Metrics/angular_momentum_mean: 0.2468
             Metrics/slip_velocity_mean: 0.1019
             Metrics/landing_force_mean: 61.1611
--------------------------------------------------------------------------------
                         Iteration time: 1.31s
                           Time elapsed: 00:02:12
                                    ETA: 00:00:00

BENCH_EXIT=0
BENCH_END=2026-09-19T23:25:17Z
